name,week,population,deaths,confirmed,recovered,active,hospitalized,hospitalization rate
"US, HI",2020-01-01,1415872,0,0,0,0,0,0.0
"US, HI",2020-01-16,1415872,0,0,0,0,0,0.0
"US, HI",2020-01-31,1415872,0,0,0,0,0,0.0
"US, HI",2020-02-15,1415872,0,0,0,0,0,0.0
"US, HI",2020-03-01,1415872,0,0,0,0,0,0.0
"US, HI",2020-03-16,1415872,0,0,0,0,0,0.0
"US, HI",2020-03-31,1415872,27,1514,925,1487,132,1.8684543940113376
"US, HI",2020-04-15,1415872,178,8748,6478,8570,867,10.567117645531747
"US, HI",2020-04-30,1415872,252,9414,8246,916,1136,12.923024151674614
"US, HI",2020-05-15,1415872,255,9642,8737,650,1240,13.7789314944572
"US, HI",2020-05-30,1415872,255,10092,9217,620,1257,13.35250156181369
"US, HI",2020-06-14,1415872,257,12056,9883,1916,1478,13.134206663111703
"US, HI",2020-06-29,1415872,284,15832,11789,3759,1779,12.123513808503528
"US, HI",2020-07-14,1415872,366,21992,15878,5748,2220,10.853113310130317
"US, HI",2020-07-29,1415872,438,42431,20740,21253,3146,8.148550855868269
"US, HI",2020-08-13,1415872,672,88346,29826,57848,4990,6.050364449892608
"US, HI",2020-08-28,1415872,1187,139505,41621,96697,0,0.0
"US, HI",2020-09-12,1415872,1709,169266,65690,101867,0,0.0
"US, HI",2020-09-27,1415872,2271,191798,156177,33350,0,0.0
"US, HI",2020-10-12,1415872,2897,211550,165840,42813,0,0.0
"US, HI",2020-10-27,1415872,1078,74592,57992,15522,0,0.0
"US, AK",2020-01-01,731545,0,0,0,0,0,0.0
"US, AK",2020-01-16,731545,0,0,0,0,0,0.0
"US, AK",2020-01-31,731545,0,0,0,0,0,0.0
"US, AK",2020-02-15,731545,0,0,0,0,0,0.0
"US, AK",2020-03-01,731545,0,0,0,0,0,0.0
"US, AK",2020-03-16,731545,0,0,0,0,0,0.0
"US, AK",2020-03-31,731545,25,834,249,809,95,2.441248255028364
"US, AK",2020-04-15,731545,135,4926,2706,4791,442,9.80117466567201
"US, AK",2020-04-30,731545,144,5610,4430,1027,0,0.0
"US, AK",2020-05-15,731545,150,6076,5324,579,0,0.0
"US, AK",2020-05-30,731545,157,8226,5738,2178,48,0.6408544726301735
"US, AK",2020-06-14,731545,186,11527,7114,3997,0,0.0
"US, AK",2020-06-29,731545,238,18031,8404,9044,0,0.0
"US, AK",2020-07-14,731545,280,31687,11190,19620,0,0.0
"US, AK",2020-07-29,731545,372,51777,16465,34244,0,0.0
"US, AK",2020-08-13,731545,460,68324,24504,42653,0,0.0
"US, AK",2020-08-28,731545,601,84243,34321,48613,0,0.0
"US, AK",2020-09-12,731545,684,101650,38524,61743,0,0.0
"US, AK",2020-09-27,731545,880,127546,76004,49941,0,0.0
"US, AK",2020-10-12,731545,994,170459,97408,71260,0,0.0
"US, AK",2020-10-27,731545,381,77772,35372,41985,0,0.0
"US, CA",2020-01-01,39512223,0,0,0,0,0,0.0
"US, CA",2020-01-16,39512223,0,0,0,0,0,0.0
"US, CA",2020-01-31,39512223,0,0,0,0,0,0.0
"US, CA",2020-02-15,39512223,0,0,0,0,0,0.0
"US, CA",2020-03-01,39512223,0,0,0,0,0,0.0
"US, CA",2020-03-16,39512223,0,0,0,0,0,0.0
"US, CA",2020-03-31,39512223,2122,72188,0,69961,13412,3.994424393843279
"US, CA",2020-04-15,39512223,21266,563588,0,537401,63715,13.161353036372459
"US, CA",2020-04-30,39512223,37919,943011,0,895529,0,0.0
"US, CA",2020-05-15,39512223,54022,1371594,0,1304847,0,0.0
"US, CA",2020-05-30,39512223,68547,1950294,0,1861814,0,0.0
"US, CA",2020-06-14,39512223,82807,2792529,0,2644599,0,0.0
"US, CA",2020-06-29,39512223,98186,4271851,0,4047602,0,0.0
"US, CA",2020-07-14,39512223,119485,6238951,0,6014348,0,0.0
"US, CA",2020-07-29,39512223,147596,8112484,0,7870761,0,0.0
"US, CA",2020-08-13,39512223,177212,9803284,0,9571246,0,0.0
"US, CA",2020-08-28,39512223,203357,10956703,0,10721495,0,0.0
"US, CA",2020-09-12,39512223,225154,11776674,0,11515365,0,0.0
"US, CA",2020-09-27,39512223,242986,12532716,0,12243407,0,0.0
"US, CA",2020-10-12,39512223,256617,13293251,0,12980857,0,0.0
"US, CA",2020-10-27,39512223,88229,4638561,0,4530158,0,0.0
"US, AL",2020-01-01,4903185,0,0,0,0,0,0.0
"US, AL",2020-01-16,4903185,0,0,0,0,0,0.0
"US, AL",2020-01-31,4903185,0,0,0,0,0,0.0
"US, AL",2020-02-15,4903185,0,0,0,0,0,0.0
"US, AL",2020-03-01,4903185,0,0,0,0,0,0.0
"US, AL",2020-03-16,4903185,0,0,0,0,0,0.0
"US, AL",2020-03-31,4903185,306,11578,0,10944,1387,2.6410979845164144
"US, AL",2020-04-15,4903185,2816,84514,0,80270,10952,14.086645287750187
"US, AL",2020-04-30,4903185,5391,136861,0,130147,17436,13.85652721505833
"US, AL",2020-05-15,4903185,8071,211938,66416,133627,23392,12.109598287416805
"US, AL",2020-05-30,4903185,10398,311306,171217,124437,30076,10.566682823990822
"US, AL",2020-06-14,4903185,12668,461255,246672,195077,37097,8.784942534454773
"US, AL",2020-06-29,4903185,15485,690750,340087,325787,55074,8.466226439878417
"US, AL",2020-07-14,4903185,20147,1064672,458731,576052,126643,12.880882485192775
"US, AL",2020-07-29,4903185,25405,1429975,551900,849829,166947,12.538733744772378
"US, AL",2020-08-13,4903185,29558,1689291,654821,1004245,198382,12.588009091712694
"US, AL",2020-08-28,4903185,33542,1946686,760887,1155852,0,0.0
"US, AL",2020-09-12,4903185,36420,2154279,903848,1221479,0,0.0
"US, AL",2020-09-27,4903185,38631,2380075,1022293,1319542,0,0.0
"US, AL",2020-10-12,4903185,41876,2632060,1108780,1469034,0,0.0
"US, AL",2020-10-27,4903185,14616,951700,391893,539564,0,0.0
"US, AR",2020-01-01,3017804,0,0,0,0,0,0.0
"US, AR",2020-01-16,3017804,0,0,0,0,0,0.0
"US, AR",2020-01-31,3017804,0,0,0,0,0,0.0
"US, AR",2020-02-15,3017804,0,0,0,0,0,0.0
"US, AR",2020-03-01,3017804,0,0,0,0,0,0.0
"US, AR",2020-03-16,3017804,0,0,0,0,0,0.0
"US, AR",2020-03-31,3017804,88,4188,1185,4100,390,2.0038818432877408
"US, AR",2020-04-15,3017804,665,35358,12637,34693,3415,10.756592676163686
"US, AR",2020-04-30,3017804,1261,56072,36514,18297,6842,13.102587046221164
"US, AR",2020-05-15,3017804,1670,83107,59980,21457,8623,11.190771602751695
"US, AR",2020-05-30,3017804,2293,137843,94266,41284,12279,9.629902144325694
"US, AR",2020-06-14,3017804,3333,237543,156951,77259,17326,7.870344881540935
"US, AR",2020-06-29,3017804,4428,365987,268440,93119,24027,7.050398968212915
"US, AR",2020-07-14,3017804,5607,522314,412769,103938,33907,6.950760490563306
"US, AR",2020-07-29,3017804,7532,693288,580097,105659,46232,7.143391694753456
"US, AR",2020-08-13,3017804,9764,823821,725508,88549,56937,7.40246591619122
"US, AR",2020-08-28,3017804,12920,955842,859290,83632,0,0.0
"US, AR",2020-09-12,3017804,17382,1123506,998415,107709,0,0.0
"US, AR",2020-09-27,3017804,21515,1304772,1172740,110517,0,0.0
"US, AR",2020-10-12,3017804,25718,1501178,1344668,130792,0,0.0
"US, AR",2020-10-27,3017804,9451,549095,491344,48300,0,0.0
"US, AZ",2020-01-01,7278717,0,0,0,0,0,0.0
"US, AZ",2020-01-16,7278717,0,0,0,0,0,0.0
"US, AZ",2020-01-31,7278717,0,0,0,0,0,0.0
"US, AZ",2020-02-15,7278717,0,0,0,0,0,0.0
"US, AZ",2020-03-01,7278717,0,0,0,0,0,0.0
"US, AZ",2020-03-16,7278717,0,0,0,0,0,0.0
"US, AZ",2020-03-31,7278717,368,11056,249,10688,1105,2.0997953011307144
"US, AZ",2020-04-15,7278717,3376,83692,16158,80316,11888,15.017480304707908
"US, AZ",2020-04-30,7278717,6883,151123,31927,112313,21543,15.420576256999087
"US, AZ",2020-05-15,7278717,11487,234978,58839,164652,29589,13.417156933822437
"US, AZ",2020-05-30,7278717,15473,387500,81139,290888,49418,13.960934323872058
"US, AZ",2020-06-14,7278717,20589,792896,111948,660359,62336,8.737383218275065
"US, AZ",2020-06-29,7278717,28645,1520812,179754,1312413,78786,5.6233171744977435
"US, AZ",2020-07-14,7278717,43522,2223012,282584,1896906,105756,5.085592968621673
"US, AZ",2020-07-29,7278717,58912,2718197,363815,2295470,223673,8.757115359801984
"US, AZ",2020-08-13,7278717,69760,2939650,426567,2443323,315473,11.498297994000342
"US, AZ",2020-08-28,7278717,77134,3063637,470193,2516310,0,0.0
"US, AZ",2020-09-12,7278717,81747,3190081,505088,2603246,0,0.0
"US, AZ",2020-09-27,7278717,85467,3315146,538551,2691128,0,0.0
"US, AZ",2020-10-12,7278717,87407,3483694,578352,2817935,0,0.0
"US, AZ",2020-10-27,7278717,29627,1213758,203357,980774,0,0.0
"US, CO",2020-01-01,5758736,0,0,0,0,0,0.0
"US, CO",2020-01-16,5758736,0,0,0,0,0,0.0
"US, CO",2020-01-31,5758736,0,0,0,0,0,0.0
"US, CO",2020-02-15,5758736,0,0,0,0,0,0.0
"US, CO",2020-03-01,5758736,0,0,0,0,0,0.0
"US, CO",2020-03-16,5758736,0,0,0,0,0,0.0
"US, CO",2020-03-31,5758736,922,22948,0,22026,4341,4.053598969508885
"US, CO",2020-04-15,5758736,8079,167700,10936,159621,30931,19.895584042263938
"US, CO",2020-04-30,5758736,13932,273678,42568,217178,47962,18.7155891058886
"US, CO",2020-05-15,5758736,19564,351434,53224,278579,60294,18.407036231009076
"US, CO",2020-05-30,5758736,22833,415240,60647,331546,69328,17.882890320196854
"US, CO",2020-06-14,5758736,24701,458874,64655,369285,79860,18.669396412472288
"US, CO",2020-06-29,5758736,25570,519643,69155,424658,84651,17.47295947783941
"US, CO",2020-07-14,5758736,26544,620461,75270,518377,91341,15.814171590856686
"US, CO",2020-07-29,5758736,27749,733701,81487,624193,97727,14.28928056800545
"US, CO",2020-08-13,5758736,28609,813636,86255,698482,101787,13.412724296721988
"US, CO",2020-08-28,5758736,29404,878808,90163,758941,0,0.0
"US, CO",2020-09-12,5758736,30186,966563,93895,842179,0,0.0
"US, CO",2020-09-27,5758736,31079,1099034,99181,968440,0,0.0
"US, CO",2020-10-12,5758736,32747,1305106,107829,1164182,0,0.0
"US, CO",2020-10-27,5758736,11316,512731,38672,462628,0,0.0
"US, CT",2020-01-01,3565287,0,0,0,0,0,0.0
"US, CT",2020-01-16,3565287,0,0,0,0,0,0.0
"US, CT",2020-01-31,3565287,0,0,0,0,0,0.0
"US, CT",2020-02-15,3565287,0,0,0,0,0,0.0
"US, CT",2020-03-01,3565287,0,0,0,0,0,0.0
"US, CT",2020-03-16,3565287,0,0,0,0,0,0.0
"US, CT",2020-03-31,3565287,1827,39405,0,37578,5193,2.8295258466629143
"US, CT",2020-04-15,3565287,22849,321568,0,298719,24662,8.852112233015747
"US, CT",2020-04-30,3565287,41338,475777,70231,364208,123217,27.436491709569857
"US, CT",2020-05-15,3565287,54079,591893,100864,436950,176926,32.00805941691686
"US, CT",2020-05-30,3565287,60750,654280,110608,482922,163874,26.90776675859987
"US, CT",2020-06-14,3565287,63868,685724,117550,504306,151413,23.657198370607354
"US, CT",2020-06-29,3565287,65079,703942,123384,515479,156441,23.810667183798262
"US, CT",2020-07-14,3565287,66037,723589,127060,530492,159954,23.68610066664638
"US, CT",2020-07-29,3565287,66561,752199,129854,555784,162801,23.189568456104983
"US, CT",2020-08-13,3565287,66867,771919,132881,572171,165894,23.02744841778075
"US, CT",2020-08-28,3565287,67039,799219,135429,596751,0,0.0
"US, CT",2020-09-12,3565287,67370,833856,138068,628418,0,0.0
"US, CT",2020-09-27,3565287,67744,878833,141184,669905,0,0.0
"US, CT",2020-10-12,3565287,68337,960428,145123,746968,0,0.0
"US, CT",2020-10-27,3565287,23040,350624,49000,278584,0,0.0
"US, DC",2020-08-16,705749,8983,199846,158781,32082,0,0.0
"US, DC",2020-08-20,705749,9046,202605,161811,31748,0,0.0
"US, DC",2020-08-24,705749,9068,205565,163681,32816,0,0.0
"US, DC",2020-08-28,705749,9085,208916,165887,33944,0,0.0
"US, DC",2020-08-31,705749,9125,211408,168159,34124,0,0.0
"US, DC",2020-09-04,705749,9165,214062,170184,34713,0,0.0
"US, DC",2020-09-08,705749,9221,216254,172146,34887,0,0.0
"US, DC",2020-09-12,705749,9240,218889,173798,35851,0,0.0
"US, DC",2020-09-15,705749,9274,222031,176300,36457,0,0.0
"US, DC",2020-09-19,705749,9307,224670,177859,37504,0,0.0
"US, DC",2020-09-23,705749,9335,227086,179687,38064,0,0.0
"US, DC",2020-09-27,705749,9377,229234,181285,38572,0,0.0
"US, DC",2020-09-30,705749,9433,231380,183577,38370,0,0.0
"US, DC",2020-10-04,705749,9468,234207,185053,39686,0,0.0
"US, DC",2020-10-08,705749,9530,238275,187209,41536,0,0.0
"US, DC",2020-10-12,705749,9562,241386,189039,42785,0,0.0
"US, DC",2020-10-15,705749,9612,244792,191629,43551,0,0.0
"US, DC",2020-10-19,705749,9628,247319,193880,43811,0,0.0
"US, DC",2020-10-23,705749,9630,250967,196488,44849,0,0.0
"US, DC",2020-10-27,705749,9670,255244,199308,46266,0,0.0
"US, DC",2020-10-30,705749,3230,86208,66740,16238,0,0.0
"US, FL",2020-01-01,21477737,0,0,0,0,0,0.0
"US, FL",2020-01-16,21477737,0,0,0,0,0,0.0
"US, FL",2020-01-31,21477737,0,0,0,0,0,0.0
"US, FL",2020-02-15,21477737,0,0,0,0,0,0.0
"US, FL",2020-03-01,21477737,0,0,0,0,0,0.0
"US, FL",2020-03-16,21477737,0,0,0,0,0,0.0
"US, FL",2020-03-31,21477737,1531,62542,0,163011,8665,2.1703122550408187
"US, FL",2020-04-15,21477737,13733,426387,0,412654,66958,16.74426075660778
"US, FL",2020-04-30,21477737,23655,579438,0,555783,103246,19.04780294821302
"US, FL",2020-05-15,21477737,32410,738931,0,706521,138491,20.071973773588915
"US, FL",2020-05-30,21477737,40037,944862,0,904825,167517,19.05694287405058
"US, FL",2020-06-14,21477737,47544,1505816,0,1458272,200367,14.62205729935578
"US, FL",2020-06-29,21477737,57571,3123285,0,3065714,249441,8.770419137794578
"US, FL",2020-07-14,21477737,78762,5539188,0,5460426,333177,6.480943622487977
"US, FL",2020-07-29,21477737,113618,7560802,0,7447184,435496,6.168013928634474
"US, FL",2020-08-13,21477737,149474,8812648,0,8663174,536950,6.525287366242582
"US, FL",2020-08-28,21477737,175027,9575602,0,9400575,0,0.0
"US, FL",2020-09-12,21477737,198553,10199901,0,10001348,0,0.0
"US, FL",2020-09-27,21477737,220013,10744000,0,10523987,0,0.0
"US, FL",2020-10-12,21477737,240226,11373751,0,11133525,0,0.0
"US, FL",2020-10-27,21477737,83205,3974124,0,3890919,0,0.0
"US, GA",2020-01-01,10617423,0,0,0,0,0,0.0
"US, GA",2020-01-16,10617423,0,0,0,0,0,0.0
"US, GA",2020-01-31,10617423,0,0,0,0,0,0.0
"US, GA",2020-02-15,10617423,0,0,0,0,0,0.0
"US, GA",2020-03-01,10617423,0,0,0,0,0,0.0
"US, GA",2020-03-16,10617423,0,0,0,0,0,0.0
"US, GA",2020-03-31,10617423,1423,40345,0,38922,7863,4.1825615110184575
"US, GA",2020-04-15,10617423,12305,310403,0,298098,59153,20.43606138800855
"US, GA",2020-04-30,10617423,20102,471238,0,451136,86633,19.757024648420263
"US, GA",2020-05-15,10617423,26686,618959,0,592273,108718,18.844041914536813
"US, GA",2020-05-30,10617423,33119,769420,0,736301,129367,18.031629964895398
"US, GA",2020-06-14,10617423,39685,986038,0,946353,149527,16.31342491826945
"US, GA",2020-06-29,10617423,43458,1483263,0,1439805,181949,13.249300819568571
"US, GA",2020-07-14,10617423,49359,2245224,0,2195865,235121,11.272119164895628
"US, GA",2020-07-29,10617423,60041,3036934,0,2976893,295907,10.455787542310278
"US, GA",2020-08-13,10617423,74100,3698094,0,3623994,342647,9.930924000697605
"US, GA",2020-08-28,10617423,88317,4177634,0,4089317,0,0.0
"US, GA",2020-09-12,10617423,98650,4557418,0,4458768,0,0.0
"US, GA",2020-09-27,10617423,107517,4842008,0,4734491,0,0.0
"US, GA",2020-10-12,10617423,114620,5127450,0,5012830,0,0.0
"US, GA",2020-10-27,10617423,39577,1784260,0,1744683,0,0.0
"US, IA",2020-01-01,3155070,0,0,0,0,0,0.0
"US, IA",2020-01-16,3155070,0,0,0,0,0,0.0
"US, IA",2020-01-31,3155070,0,0,0,0,0,0.0
"US, IA",2020-02-15,3155070,0,0,0,0,0,0.0
"US, IA",2020-03-01,3155070,0,0,0,0,0,0.0
"US, IA",2020-03-16,3155070,0,0,0,0,0,0.0
"US, IA",2020-03-31,3155070,131,5196,2156,5065,434,1.7868644980179613
"US, IA",2020-04-15,3155070,1422,60455,22456,59033,3059,6.323901578276919
"US, IA",2020-04-30,3155070,3480,161460,65106,92874,0,0.0
"US, IA",2020-05-15,3155070,6343,246882,131077,109462,0,0.0
"US, IA",2020-05-30,3155070,8944,320874,190426,121504,0,0.0
"US, IA",2020-06-14,3155070,10253,389140,241867,137020,0,0.0
"US, IA",2020-06-29,3155070,10956,480393,370266,99171,0,0.0
"US, IA",2020-07-14,3155070,12076,596150,427613,156461,0,0.0
"US, IA",2020-07-29,3155070,13533,704361,523260,167568,0,0.0
"US, IA",2020-08-13,3155070,15262,822801,634939,172600,0,0.0
"US, IA",2020-08-28,3155070,17306,1023836,733494,273036,0,0.0
"US, IA",2020-09-12,3155070,18992,1193001,863268,310741,0,0.0
"US, IA",2020-09-27,3155070,20888,1393999,1070212,302899,0,0.0
"US, IA",2020-10-12,3155070,23451,1629506,1243974,362081,0,0.0
"US, IA",2020-10-27,3155070,8506,616380,457058,150816,0,0.0
"US, IL",2020-01-01,12671821,0,0,0,0,0,0.0
"US, IL",2020-01-16,12671821,0,0,0,0,0,0.0
"US, IL",2020-01-31,12671821,0,0,0,0,0,0.0
"US, IL",2020-02-15,12671821,0,0,0,0,0,0.0
"US, IL",2020-03-01,12671821,0,0,0,0,0,0.0
"US, IL",2020-03-16,12671821,0,0,0,0,0,0.0
"US, IL",2020-03-31,12671821,2386,66125,0,63739,11643,3.7699688156137503
"US, IL",2020-04-15,12671821,23698,543719,0,520021,59525,12.817908319669883
"US, IL",2020-04-30,12671821,46343,1059991,0,1013648,0,0.0
"US, IL",2020-05-15,12671821,69818,1570988,0,1501170,0,0.0
"US, IL",2020-05-30,12671821,87348,1893546,0,1806198,0,0.0
"US, IL",2020-06-14,12671821,99472,2052611,0,1953139,0,0.0
"US, IL",2020-06-29,12671821,107199,2230822,0,2123623,0,0.0
"US, IL",2020-07-14,12671821,112847,2484289,0,2371442,0,0.0
"US, IL",2020-07-29,12671821,116556,2823589,0,2707033,0,0.0
"US, IL",2020-08-13,12671821,120561,3229920,0,3109359,0,0.0
"US, IL",2020-08-28,12671821,125122,3685431,0,3560309,0,0.0
"US, IL",2020-09-12,12671821,129978,4116457,0,3986479,0,0.0
"US, IL",2020-09-27,12671821,135562,4572596,0,4437034,0,0.0
"US, IL",2020-10-12,12671821,142851,5282777,0,5139926,0,0.0
"US, IL",2020-10-27,12671821,49706,2006838,0,1957132,0,0.0
"US, IN",2020-01-01,6732219,0,0,0,0,0,0.0
"US, IN",2020-01-16,6732219,0,0,0,0,0,0.0
"US, IN",2020-01-31,6732219,0,0,0,0,0,0.0
"US, IN",2020-02-15,6732219,0,0,0,0,0,0.0
"US, IN",2020-03-01,6732219,0,0,0,0,0,0.0
"US, IN",2020-03-16,6732219,0,0,0,0,0,0.0
"US, IN",2020-03-31,6732219,1460,24814,0,23734,0,0.0
"US, IN",2020-04-15,6732219,12513,192593,0,182418,4454,2.1077077614469393
"US, IN",2020-04-30,6732219,21373,333890,0,313373,26334,7.681899123099714
"US, IN",2020-05-15,6732219,28732,453426,0,424800,73003,17.237320626851876
"US, IN",2020-05-30,6732219,33453,553062,349601,169372,90240,17.47900267520522
"US, IN",2020-06-14,6732219,37046,635750,469512,128262,101136,17.04839139430146
"US, IN",2020-06-29,6732219,39466,726525,550873,135103,109354,16.141612459532006
"US, IN",2020-07-14,6732219,41708,871645,626489,202430,120262,14.80739164072746
"US, IN",2020-07-29,6732219,44109,1056608,757315,254209,136870,13.893396875060892
"US, IN",2020-08-13,6732219,47024,1256196,943086,265323,152275,12.999148822870874
"US, IN",2020-08-28,6732219,49570,1463807,1123501,290137,0,0.0
"US, IN",2020-09-12,6732219,52231,1656718,1299829,304408,0,0.0
"US, IN",2020-09-27,6732219,55785,1878589,1459294,364043,0,0.0
"US, IN",2020-10-12,6732219,61266,2245021,1633024,552399,0,0.0
"US, IN",2020-10-27,6732219,22120,863657,597504,244854,0,0.0
"US, KY",2020-01-01,4467673,0,0,0,0,0,0.0
"US, KY",2020-01-16,4467673,0,0,0,0,0,0.0
"US, KY",2020-01-31,4467673,0,0,0,0,0,0.0
"US, KY",2020-02-15,4467673,0,0,0,0,0,0.0
"US, KY",2020-03-01,4467673,0,0,0,0,0,0.0
"US, KY",2020-03-16,4467673,0,0,0,0,0,0.0
"US, KY",2020-03-31,4467673,316,6029,1700,5713,1799,6.3783166481934
"US, KY",2020-04-15,4467673,2657,50792,18381,48135,16269,34.7739681026246
"US, KY",2020-04-30,4467673,4287,89505,31403,53815,24144,29.041795897782965
"US, KY",2020-05-15,4467673,5659,126093,44370,76064,30549,25.99365657309293
"US, KY",2020-05-30,4467673,6979,165927,49826,109122,35230,22.852761457137127
"US, KY",2020-06-14,4467673,7931,206983,53522,145530,37791,19.61418150321737
"US, KY",2020-06-29,4467673,8944,259690,71671,179075,40578,16.821131929545725
"US, KY",2020-07-14,4467673,10146,361569,101807,249616,45033,13.414109282663972
"US, KY",2020-07-29,4467673,11336,491220,124954,354930,57113,12.464148251369801
"US, KY",2020-08-13,4467673,12765,624457,140085,471607,64655,11.11725133872332
"US, KY",2020-08-28,4467673,14652,768573,158188,595733,0,0.0
"US, KY",2020-09-12,4467673,16546,912975,168539,727890,0,0.0
"US, KY",2020-09-27,4467673,18097,1094786,187026,889663,0,0.0
"US, KY",2020-10-12,4467673,20054,1334861,253454,1061353,0,0.0
"US, KY",2020-10-27,4467673,7292,516897,91362,418243,0,0.0
"US, LA",0,0,0,0,0,0,0,0.0
"US, LA",0,0,0,0,0,0,0,0.0
"US, LA",0,0,0,0,0,0,0,0.0
"US, LA",0,0,0,0,0,0,0,0.0
"US, LA",0,0,0,0,0,0,0,0.0
"US, LA",0,0,0,0,0,0,0,0.0
"US, LA",0,0,0,0,0,0,0,0.0
"US, LA",0,0,0,0,0,0,0,0.0
"US, LA",0,0,0,0,0,0,0,0.0
"US, LA",0,0,0,0,0,0,0,0.0
"US, LA",0,0,0,0,0,0,0,0.0
"US, LA",0,0,0,0,0,0,0,0.0
"US, LA",0,0,43268,899666,579186,277212,0,0.0
"US, LA",2020-07-14,0,53835,1449946,849542,546569,0,0.0
"US, LA",2020-07-29,0,61663,1866338,1246815,557860,0,0.0
"US, LA",2020-08-13,0,69501,2109827,1703748,336578,0,0.0
"US, LA",2020-08-28,0,75587,2266889,2001934,189368,0,0.0
"US, LA",2020-09-12,0,80111,2407208,2179310,147787,0,0.0
"US, LA",2020-09-27,0,83448,2523368,2317426,122494,0,0.0
"US, LA",2020-10-12,0,86406,2642846,2439982,116458,0,0.0
"US, LA",2020-10-27,0,29508,908811,839818,39485,0,0.0
"US, MA",2020-01-01,6892503,0,0,0,0,0,0.0
"US, MA",2020-01-16,6892503,0,0,0,0,0,0.0
"US, MA",2020-01-31,6892503,0,0,0,0,0,0.0
"US, MA",2020-02-15,6892503,0,0,0,0,0,0.0
"US, MA",2020-03-01,6892503,0,0,0,0,0,0.0
"US, MA",2020-03-16,6892503,0,0,0,0,0,0.0
"US, MA",2020-03-31,6892503,2444,80506,0,78062,6915,1.8422396737986888
"US, MA",2020-04-15,6892503,32526,673477,0,640951,65497,10.541988002811369
"US, MA",2020-04-30,6892503,67969,1096312,0,1028343,107006,10.447810318205537
"US, MA",2020-05-15,6892503,92806,1355212,0,1262406,135739,10.728914637202035
"US, MA",2020-05-30,6892503,108748,1534806,0,1426058,154618,10.792929234921104
"US, MA",2020-06-14,6892503,117692,1605675,0,1487983,166235,11.091835395332456
"US, MA",2020-06-29,6892503,123019,1653216,938710,591487,172221,11.161502018655364
"US, MA",2020-07-14,6892503,126799,1711496,1437241,147456,176145,11.027686357791158
"US, MA",2020-07-29,6892503,130114,1792333,1474190,188029,179775,10.752079828133061
"US, MA",2020-08-13,6892503,133366,1871248,1526191,211691,183353,10.504431646101597
"US, MA",2020-08-28,6892503,136477,1874936,1580637,157822,0,0.0
"US, MA",2020-09-12,6892503,139347,1905770,1639617,126806,0,0.0
"US, MA",2020-09-27,6892503,142643,2020956,1712633,165680,0,0.0
"US, MA",2020-10-12,6892503,146243,2175030,1798144,230643,0,0.0
"US, MA",2020-10-27,6892503,49729,778541,626874,101938,0,0.0
"US, MD",2020-01-01,6045680,0,0,0,0,0,0.0
"US, MD",2020-01-16,6045680,0,0,0,0,0,0.0
"US, MD",2020-01-31,6045680,0,0,0,0,0,0.0
"US, MD",2020-02-15,6045680,0,0,0,0,0,0.0
"US, MD",2020-03-01,6045680,0,0,0,0,0,0.0
"US, MD",2020-03-16,6045680,0,0,0,0,0,0.0
"US, MD",2020-03-31,6045680,800,26633,1666,25833,5957,4.7941760585189925
"US, MD",2020-04-15,6045680,10148,229362,15001,219214,50022,23.491778834108292
"US, MD",2020-04-30,6045680,22331,438966,29852,386783,84059,20.636852574156823
"US, MD",2020-05-15,6045680,32894,661111,47032,581185,114411,18.58103252349802
"US, MD",2020-05-30,6045680,40822,854248,61783,751643,140696,17.65105777126208
"US, MD",2020-06-14,6045680,45898,964216,71197,847121,157586,17.51330715478055
"US, MD",2020-06-29,6045680,48816,1052709,76141,927752,166737,16.974790452550806
"US, MD",2020-07-14,6045680,50924,1194854,80656,1063274,179352,16.09796771536833
"US, MD",2020-07-29,6045680,53154,1384251,86766,1244331,193769,15.006594051902908
"US, MD",2020-08-13,6045680,55037,1534556,90418,1389101,206958,14.4526667950251
"US, MD",2020-08-28,6045680,56748,1661248,102574,1501926,0,0.0
"US, MD",2020-09-12,6045680,58133,1790811,110101,1622577,0,0.0
"US, MD",2020-09-27,6045680,59446,1908555,114285,1734824,0,0.0
"US, MD",2020-10-12,6045680,60753,2043197,118777,1863667,0,0.0
"US, MD",2020-10-27,6045680,20634,717148,40705,655809,0,0.0
"US, MI",2020-01-01,9986857,0,0,0,0,0,0.0
"US, MI",2020-01-16,9986857,0,0,0,0,0,0.0
"US, MI",2020-01-31,9986857,0,0,0,0,0,0.0
"US, MI",2020-02-15,9986857,0,0,0,0,0,0.0
"US, MI",2020-03-01,9986857,0,0,0,0,0,0.0
"US, MI",2020-03-16,9986857,0,0,0,0,0,0.0
"US, MI",2020-03-31,9986857,4849,76880,1332,72031,11532,3.216251738406893
"US, MI",2020-04-15,9986857,41876,512399,66067,470523,43420,9.510907887179346
"US, MI",2020-04-30,9986857,64895,684037,262413,356729,0,0.0
"US, MI",2020-05-15,9986857,76946,803728,452500,274282,0,0.0
"US, MI",2020-05-30,9986857,86642,930640,605944,238054,0,0.0
"US, MI",2020-06-14,9986857,91306,1016708,717012,208390,0,0.0
"US, MI",2020-06-29,9986857,93653,1104225,786983,223589,0,0.0
"US, MI",2020-07-14,9986857,95653,1246516,829270,321593,0,0.0
"US, MI",2020-07-29,9986857,97312,1409112,910840,400960,0,0.0
"US, MI",2020-08-13,9986857,99442,1573097,1037198,436457,0,0.0
"US, MI",2020-08-28,9986857,101975,1742304,1170383,469946,0,0.0
"US, MI",2020-09-12,9986857,104546,1922882,1325154,493182,0,0.0
"US, MI",2020-09-27,9986857,107010,2131369,1475495,548864,0,0.0
"US, MI",2020-10-12,9986857,110755,2468035,1632945,724335,0,0.0
"US, MI",2020-10-27,9986857,38208,949115,580849,330058,0,0.0
"US, MN",2020-01-01,5639632,0,0,0,0,0,0.0
"US, MN",2020-01-16,5639632,0,0,0,0,0,0.0
"US, MN",2020-01-31,5639632,0,0,0,0,0,0.0
"US, MN",2020-02-15,5639632,0,0,0,0,0,0.0
"US, MN",2020-03-01,5639632,0,0,0,0,0,0.0
"US, MN",2020-03-16,5639632,0,0,0,0,0,0.0
"US, MN",2020-03-31,5639632,219,4937,2593,4718,1127,4.8881580334313
"US, MN",2020-04-15,5639632,2865,43823,21432,40958,10281,25.550412843819323
"US, MN",2020-04-30,5639632,7585,139584,72064,59935,22082,17.520777352262833
"US, MN",2020-05-15,5639632,12546,285788,196119,77123,36702,13.827817101951064
"US, MN",2020-05-30,5639632,17590,409165,334220,57355,49710,13.02794966465463
"US, MN",2020-06-14,5639632,21022,492215,428495,42698,57109,12.439632421969735
"US, MN",2020-06-29,5639632,22665,584319,512861,48793,63292,11.620921616416592
"US, MN",2020-07-14,5639632,23837,714208,621231,69140,70905,10.651742711893748
"US, MN",2020-07-29,5639632,25066,868220,764320,78834,80728,9.970123478189251
"US, MN",2020-08-13,5639632,26783,1013230,908957,77490,90384,9.562149939656038
"US, MN",2020-08-28,5639632,28438,1179212,1062449,88325,0,0.0
"US, MN",2020-09-12,5639632,30126,1334603,1214618,89859,0,0.0
"US, MN",2020-09-27,5639632,31903,1557652,1397658,128091,0,0.0
"US, MN",2020-10-12,5639632,34543,1860232,1651596,174093,0,0.0
"US, MN",2020-10-27,5639632,12335,713228,622422,78471,0,0.0
"US, MO",2020-01-01,6137428,0,0,0,0,0,0.0
"US, MO",2020-01-16,6137428,0,0,0,0,0,0.0
"US, MO",2020-01-31,6137428,0,0,0,0,0,0.0
"US, MO",2020-02-15,6137428,0,0,0,0,0,0.0
"US, MO",2020-03-01,6137428,0,0,0,0,0,0.0
"US, MO",2020-03-16,6137428,0,0,0,0,0,0.0
"US, MO",2020-03-31,6137428,399,13735,0,13140,3017,4.782890520751464
"US, MO",2020-04-15,6137428,3679,95881,0,90992,11704,14.052636341376116
"US, MO",2020-04-30,6137428,6825,142028,0,134187,0,0.0
"US, MO",2020-05-15,6137428,9963,178845,0,168693,0,0.0
"US, MO",2020-05-30,6137428,12401,221549,0,209318,0,0.0
"US, MO",2020-06-14,6137428,14474,278719,0,261858,0,0.0
"US, MO",2020-06-29,6137428,16011,377844,0,352178,0,0.0
"US, MO",2020-07-14,6137428,17630,558379,0,526043,0,0.0
"US, MO",2020-07-29,6137428,19754,845319,0,811027,0,0.0
"US, MO",2020-08-13,6137428,21752,1104026,0,1064203,0,0.0
"US, MO",2020-08-28,6137428,24671,1393091,0,1342224,0,0.0
"US, MO",2020-09-12,6137428,28029,1731050,0,1661313,0,0.0
"US, MO",2020-09-27,6137428,33283,2070196,0,1976888,0,0.0
"US, MO",2020-10-12,6137428,39421,2480361,0,2360875,0,0.0
"US, MO",2020-10-27,6137428,14703,933525,0,884670,0,0.0
"US, NC",2020-01-01,10488084,0,0,0,0,0,0.0
"US, NC",2020-01-16,10488084,0,0,0,0,0,0.0
"US, NC",2020-01-31,10488084,0,0,0,0,0,0.0
"US, NC",2020-02-15,10488084,0,0,0,0,0,0.0
"US, NC",2020-03-01,10488084,0,0,0,0,0,0.0
"US, NC",2020-03-16,10488084,0,0,0,0,0,0.0
"US, NC",2020-03-31,10488084,295,14569,0,14274,1062,1.5588704366611308
"US, NC",2020-04-15,10488084,3861,114608,0,110747,5742,5.767450726041427
"US, NC",2020-04-30,10488084,7695,203894,36460,159739,0,0.0
"US, NC",2020-05-15,10488084,11436,327969,183574,132959,0,0.0
"US, NC",2020-05-30,10488084,15408,519246,303846,199992,0,0.0
"US, NC",2020-06-14,10488084,18738,789182,486633,283811,0,0.0
"US, NC",2020-06-29,10488084,21686,1126740,773116,331938,0,0.0
"US, NC",2020-07-14,10488084,25675,1551560,1138297,387588,0,0.0
"US, NC",2020-07-29,10488084,31292,1949108,1536192,381624,0,0.0
"US, NC",2020-08-13,10488084,36817,2256635,1908639,311179,0,0.0
"US, NC",2020-08-28,10488084,42447,2599280,2214338,342495,0,0.0
"US, NC",2020-09-12,10488084,48338,2890688,2542635,299715,0,0.0
"US, NC",2020-09-27,10488084,54366,3275339,2815884,405089,0,0.0
"US, NC",2020-10-12,10488084,59722,3709297,3206695,442880,0,0.0
"US, NC",2020-10-27,10488084,21449,1345505,1158055,166001,0,0.0
"US, NE",0,0,0,0,0,0,0,0.0
"US, NE",0,0,0,0,0,0,0,0.0
"US, NE",0,0,0,0,0,0,0,0.0
"US, NE",0,0,0,0,0,0,0,0.0
"US, NE",0,0,0,0,0,0,0,0.0
"US, NE",0,0,0,0,0,0,0,0.0
"US, NE",0,0,0,0,0,0,0,0.0
"US, NE",0,0,0,0,0,0,0,0.0
"US, NE",0,0,1223,101612,0,100389,0,0.0
"US, NE",2020-05-15,0,2096,174656,0,172560,0,0.0
"US, NE",2020-05-30,0,2808,230872,91255,136809,10492,4.735862670036549
"US, NE",2020-06-14,0,3693,267198,171603,91902,17960,7.193409685498986
"US, NE",2020-06-29,0,4228,302038,218622,79188,20626,7.319450499423328
"US, NE",2020-07-14,0,4615,349839,258216,87008,22574,6.918339304515208
"US, NE",2020-07-29,0,5078,411687,298475,108134,25126,6.540829719361029
"US, NE",2020-08-13,0,5591,469555,346522,117442,28390,6.496448551837568
"US, NE",2020-08-28,0,6086,532497,402575,123836,0,0.0
"US, NE",2020-09-12,0,6723,610467,456185,147559,0,0.0
"US, NE",2020-09-27,0,7465,718420,514788,196167,0,0.0
"US, NE",2020-10-12,0,8423,882231,584274,289534,0,0.0
"US, NE",2020-10-27,0,3183,340448,215196,122069,0,0.0
"US, NH",2020-01-01,1359711,0,0,0,0,0,0.0
"US, NH",2020-01-16,1359711,0,0,0,0,0,0.0
"US, NH",2020-01-31,1359711,0,0,0,0,0,0.0
"US, NH",2020-02-15,1359711,0,0,0,0,0,0.0
"US, NH",2020-03-01,1359711,0,0,0,0,0,0.0
"US, NH",2020-03-16,1359711,0,0,0,0,0,0.0
"US, NH",2020-03-31,1359711,71,2836,724,2765,450,3.4023711265155927
"US, NH",2020-04-15,1359711,706,23879,8750,23173,3174,14.45049584904305
"US, NH",2020-04-30,1359711,1668,42320,16831,23821,4453,11.363211332964623
"US, NH",2020-05-15,1359711,2965,59628,27729,28934,5867,10.535989084631035
"US, NH",2020-05-30,1359711,4183,74358,49075,21100,7156,10.313096876386483
"US, NH",2020-06-14,1359711,5127,82961,63153,14681,8147,10.519863472752581
"US, NH",2020-06-29,1359711,5724,88700,70259,12717,8608,10.3981037266749
"US, NH",2020-07-14,1359711,6018,94190,79450,8722,10071,11.455137891245512
"US, NH",2020-07-29,1359711,6261,100722,88650,5811,10465,11.134216552888942
"US, NH",2020-08-13,1359711,6397,105878,95466,4015,10649,10.777148671845591
"US, NH",2020-08-28,1359711,6488,110840,100691,3661,0,0.0
"US, NH",2020-09-12,1359711,6564,118301,107343,4394,0,0.0
"US, NH",2020-09-27,1359711,6668,129162,115241,7253,0,0.0
"US, NH",2020-10-12,1359711,6997,146586,125953,13636,0,0.0
"US, NH",2020-10-27,1359711,2400,53907,45747,5760,0,0.0
"US, NJ",2020-01-01,8882190,0,0,0,0,0,0.0
"US, NJ",2020-01-16,8882190,0,0,0,0,0,0.0
"US, NJ",2020-01-31,8882190,0,0,0,0,0,0.0
"US, NJ",2020-02-15,8882190,0,0,0,0,0,0.0
"US, NJ",2020-03-01,8882190,0,0,0,0,0,0.0
"US, NJ",2020-03-16,8882190,0,0,0,0,0,0.0
"US, NJ",2020-03-31,8882190,7598,195258,0,187660,23570,2.5881992624880144
"US, NJ",2020-04-15,8882190,75563,1426724,31284,1351161,95296,7.624809136295633
"US, NJ",2020-04-30,8882190,129752,1993240,234630,1628042,0,0.0
"US, NJ",2020-05-15,8882190,163218,2282244,359584,1756119,66708,3.0327891888266003
"US, NJ",2020-05-30,8882190,181454,2458020,413191,1857086,268025,11.710658846894514
"US, NJ",2020-06-14,8882190,201412,2546311,440769,1893387,289787,12.244171603119582
"US, NJ",2020-06-29,8882190,229155,2620371,460590,1912860,304450,12.533012611795371
"US, NJ",2020-07-14,8882190,235816,2692961,476110,1953340,316290,12.71464200302747
"US, NJ",2020-07-29,8882190,237731,2787156,491478,2020719,325871,12.696454448289709
"US, NJ",2020-08-13,8882190,238881,2876164,502166,2088743,335111,12.688161677078151
"US, NJ",2020-08-28,8882190,239614,2956356,511062,2149624,0,0.0
"US, NJ",2020-09-12,8882190,240956,3057187,518664,2229683,0,0.0
"US, NJ",2020-09-27,8882190,242101,3209916,525484,2355775,0,0.0
"US, NJ",2020-10-12,8882190,243442,3443736,539651,2537222,0,0.0
"US, NJ",2020-10-27,8882190,81651,1230294,184333,907300,0,0.0
"US, NM",2020-01-01,2096829,0,0,0,0,0,0.0
"US, NM",2020-01-16,2096829,0,0,0,0,0,0.0
"US, NM",2020-01-31,2096829,0,0,0,0,0,0.0
"US, NM",2020-02-15,2096829,0,0,0,0,0,0.0
"US, NM",2020-03-01,2096829,0,0,0,0,0,0.0
"US, NM",2020-03-16,2096829,0,0,0,0,0,0.0
"US, NM",2020-03-31,2096829,83,3852,834,3769,339,1.8615323947522069
"US, NM",2020-04-15,2096829,1081,33658,7820,32577,4966,15.607115952210078
"US, NM",2020-04-30,2096829,2674,66921,15918,48329,10659,17.008032857320693
"US, NM",2020-05-15,2096829,4474,98982,31823,62685,16513,17.79051196778371
"US, NM",2020-05-30,2096829,5854,129973,49042,75077,22001,18.13877215905418
"US, NM",2020-06-14,2096829,7011,159524,69280,83233,26115,17.56509925957582
"US, NM",2020-06-29,2096829,7799,203163,87432,107932,30359,16.039939671580356
"US, NM",2020-07-14,2096829,8795,263977,102966,152216,36191,14.718960683024344
"US, NM",2020-07-29,2096829,9982,323043,130168,182893,41399,13.735138086459212
"US, NM",2020-08-13,2096829,10976,359229,164725,183528,44951,13.4102497218531
"US, NM",2020-08-28,2096829,11911,387381,199109,176361,0,0.0
"US, NM",2020-09-12,2096829,12658,412731,226759,173314,0,0.0
"US, NM",2020-09-27,2096829,13349,459508,258217,187942,0,0.0
"US, NM",2020-10-12,2096829,14115,564171,297692,252364,0,0.0
"US, NM",2020-10-27,2096829,4990,224298,106077,113231,0,0.0
"US, NV",2020-01-01,3080156,0,0,0,0,0,0.0
"US, NV",2020-01-16,3080156,0,0,0,0,0,0.0
"US, NV",2020-01-31,3080156,0,0,0,0,0,0.0
"US, NV",2020-02-15,3080156,0,0,0,0,0,0.0
"US, NV",2020-03-01,3080156,0,0,0,0,0,0.0
"US, NV",2020-03-16,3080156,0,0,0,0,0,0.0
"US, NV",2020-03-31,3080156,352,8960,0,8608,282,0.7102558936428572
"US, NV",2020-04-15,3080156,2671,61485,100,58814,0,0.0
"US, NV",2020-04-30,3080156,4337,87704,2899,80468,0,0.0
"US, NV",2020-05-15,3080156,5671,113159,5205,102283,0,0.0
"US, NV",2020-05-30,3080156,6559,143507,7785,129163,0,0.0
"US, NV",2020-06-14,3080156,7255,201144,9851,184038,0,0.0
"US, NV",2020-06-29,3080156,8205,344738,11079,325454,0,0.0
"US, NV",2020-07-14,3080156,10209,562667,13674,538784,0,0.0
"US, NV",2020-07-29,3080156,13340,788482,18342,756800,0,0.0
"US, NV",2020-08-13,3080156,17231,952942,23288,912423,0,0.0
"US, NV",2020-08-28,3080156,20426,1059282,27504,1011352,0,0.0
"US, NV",2020-09-12,3080156,22774,1132219,30133,1079312,0,0.0
"US, NV",2020-09-27,3080156,24332,1231192,33202,1173658,0,0.0
"US, NV",2020-10-12,3080156,25736,1364681,34907,1304054,0,0.0
"US, NV",2020-10-27,3080156,8845,493484,12016,472643,0,0.0
"US, NY",2020-01-01,19453561,0,0,0,0,0,0.0
"US, NY",2020-01-16,19453561,0,0,0,0,0,0.0
"US, NY",2020-01-31,19453561,0,0,0,0,0,0.0
"US, NY",2020-02-15,19453561,0,0,0,0,0,0.0
"US, NY",2020-03-01,19453561,0,0,0,0,0,0.0
"US, NY",2020-03-16,19453561,0,0,0,0,0,0.0
"US, NY",2020-03-31,19453561,30285,587802,71661,557517,131507,4.79351602367065
"US, NY",2020-04-15,19453561,292396,3925013,415399,3632617,845633,23.148119661679857
"US, NY",2020-04-30,19453561,387308,4891846,863049,3641489,1062395,23.270227750550283
"US, NY",2020-05-15,19453561,432650,5365387,945020,3987717,1161904,23.198519302068128
"US, NY",2020-05-30,19453561,454012,5649693,1007678,4188003,1348499,25.575855079244157
"US, NY",2020-06-14,19453561,466799,5817845,1042437,4308609,1349925,24.861892195953896
"US, NY",2020-06-29,19453561,482457,5965116,1065500,4417159,1349925,24.24843080181891
"US, NY",2020-07-14,19453561,488027,6123317,1084398,4550892,1349925,23.621626348473807
"US, NY",2020-07-29,19453561,491055,6273516,1100956,4681505,1349925,23.055851502505412
"US, NY",2020-08-13,19453561,493004,6417312,1116072,4808236,1349925,22.539070966435336
"US, NY",2020-08-28,19453561,494725,6593573,1129519,4942315,0,0.0
"US, NY",2020-09-12,19453561,497003,6772905,1141452,5096694,0,0.0
"US, NY",2020-09-27,19453561,500754,7014033,1155937,5313878,0,0.0
"US, NY",2020-10-12,19453561,503546,7340423,1176414,5608867,0,0.0
"US, NY",2020-10-27,19453561,168489,2535836,397435,1950709,0,0.0
"US, OH",2020-01-01,11689100,0,0,0,0,0,0.0
"US, OH",2020-01-16,11689100,0,0,0,0,0,0.0
"US, OH",2020-01-31,11689100,0,0,0,0,0,0.0
"US, OH",2020-02-15,11689100,0,0,0,0,0,0.0
"US, OH",2020-03-01,11689100,0,0,0,0,0,0.0
"US, OH",2020-03-16,11689100,0,0,0,0,0,0.0
"US, OH",2020-03-31,11689100,1188,20864,0,20013,6137,6.302806151786994
"US, OH",2020-04-15,11689100,11124,199719,0,190660,42689,23.615100565510676
"US, OH",2020-04-30,11689100,20230,334068,0,315552,61762,19.875045036575028
"US, OH",2020-05-15,11689100,28057,460876,0,433006,80030,18.626407979209905
"US, OH",2020-05-30,11689100,33663,570152,0,534788,96547,18.14682505154345
"US, OH",2020-06-14,11689100,37130,677554,0,637148,109110,17.285102556679565
"US, OH",2020-06-29,11689100,40044,875042,502639,328165,124693,15.318966981621335
"US, OH",2020-07-14,11689100,43983,1161928,801136,312601,146399,13.533290029266066
"US, OH",2020-07-29,11689100,49322,1444938,1091263,299851,168304,12.4891231829275
"US, OH",2020-08-13,11689100,54459,1680371,1371029,250609,188801,12.042185852318328
"US, OH",2020-08-28,11689100,59520,1918836,1599955,255396,0,0.0
"US, OH",2020-09-12,11689100,63680,2148912,1824709,255348,0,0.0
"US, OH",2020-09-27,11689100,67650,2389058,2052948,262643,0,0.0
"US, OH",2020-10-12,11689100,73011,2766114,2274888,414664,0,0.0
"US, OH",2020-10-27,11689100,26057,1045503,826397,192744,0,0.0
"US, OR",2020-01-01,4217737,0,0,0,0,0,0.0
"US, OR",2020-01-16,4217737,0,0,0,0,0,0.0
"US, OR",2020-01-31,4217737,0,0,0,0,0,0.0
"US, OR",2020-02-15,4217737,0,0,0,0,0,0.0
"US, OR",2020-03-01,4217737,0,0,0,0,0,0.0
"US, OR",2020-03-16,4217737,0,0,0,0,0,0.0
"US, OR",2020-03-31,4217737,160,4744,0,4584,1109,5.009778376103894
"US, OR",2020-04-15,4217737,1209,31011,0,29802,7362,25.46216998365896
"US, OR",2020-04-30,4217737,1792,44902,13267,29843,9578,22.970722415498418
"US, OR",2020-05-15,4217737,2166,57657,22898,32593,10986,20.42600401912279
"US, OR",2020-05-30,4217737,2439,70701,33701,34561,12383,18.83797675274416
"US, OR",2020-06-14,4217737,2851,103217,38173,62193,14398,15.07681478148549
"US, OR",2020-06-29,4217737,3289,156080,42878,109913,16751,11.586933085331472
"US, OR",2020-07-14,4217737,4031,226479,50758,171690,20964,9.945199673596644
"US, OR",2020-07-29,4217737,5097,299726,60276,234353,25518,9.131615907148447
"US, OR",2020-08-13,4217737,6114,362301,67929,288258,29395,8.69556708886802
"US, OR",2020-08-28,4217737,7114,412825,76659,329052,0,0.0
"US, OR",2020-09-12,4217737,7878,459715,80983,370854,0,0.0
"US, OR",2020-09-27,4217737,8595,522763,86264,427904,0,0.0
"US, OR",2020-10-12,4217737,9419,598154,88050,500685,0,0.0
"US, OR",2020-10-27,4217737,3372,219138,29350,186416,0,0.0
"US, PA",2020-01-01,12801989,0,0,0,0,0,0.0
"US, PA",2020-01-16,12801989,0,0,0,0,0,0.0
"US, PA",2020-01-31,12801989,0,0,0,0,0,0.0
"US, PA",2020-02-15,12801989,0,0,0,0,0,0.0
"US, PA",2020-03-01,12801989,0,0,0,0,0,0.0
"US, PA",2020-03-16,12801989,0,0,0,0,0,0.0
"US, PA",2020-03-31,12801989,1837,72695,0,70858,6657,1.9624493262015363
"US, PA",2020-04-15,12801989,22879,552076,0,529197,34745,7.124218021206505
"US, PA",2020-04-30,12801989,50904,839550,0,788646,0,0.0
"US, PA",2020-05-15,12801989,73848,1046626,334926,637852,0,0.0
"US, PA",2020-05-30,12801989,88187,1189838,784387,317264,0,0.0
"US, PA",2020-06-14,12801989,96408,1294245,941756,256081,0,0.0
"US, PA",2020-06-29,12801989,101700,1430797,1055985,273112,0,0.0
"US, PA",2020-07-14,12801989,105811,1612172,1164874,341487,0,0.0
"US, PA",2020-07-29,12801989,108976,1806505,1322915,374614,0,0.0
"US, PA",2020-08-13,12801989,112711,1974140,1515342,346087,0,0.0
"US, PA",2020-08-28,12801989,115938,2132659,1683521,333200,0,0.0
"US, PA",2020-09-12,12801989,119196,2312198,1833756,359246,0,0.0
"US, PA",2020-09-27,12801989,122977,2525970,1999285,403708,0,0.0
"US, PA",2020-10-12,12801989,127514,2833549,2186082,519953,0,0.0
"US, PA",2020-10-27,12801989,43707,1040836,777827,219302,0,0.0
"US, RI",2020-01-01,1059361,0,0,0,0,0,0.0
"US, RI",2020-01-16,1059361,0,0,0,0,0,0.0
"US, RI",2020-01-31,1059361,0,0,0,0,0,0.0
"US, RI",2020-02-15,1059361,0,0,0,0,0,0.0
"US, RI",2020-03-01,1059361,0,0,0,0,0,0.0
"US, RI",2020-03-16,1059361,0,0,0,0,0,0.0
"US, RI",2020-03-31,1059361,299,8581,305,8375,863,2.1531399405832214
"US, RI",2020-04-15,1059361,3464,87990,4775,85356,7757,9.395972891604881
"US, RI",2020-04-30,1059361,7416,156626,10447,140521,17174,11.720349839122415
"US, RI",2020-05-15,1059361,10907,203510,16103,178757,22877,12.04282081726215
"US, RI",2020-05-30,1059361,13073,231562,20188,199771,26691,12.348162626647861
"US, RI",2020-06-14,1059361,14144,245918,23001,209503,29007,12.636620070620708
"US, RI",2020-06-29,1059361,14844,256359,24958,216924,30431,12.718658237194445
"US, RI",2020-07-14,1059361,15227,270330,26150,229246,31777,12.594786614158897
"US, RI",2020-07-29,1059361,15492,291874,27867,248834,33807,12.410740094624872
"US, RI",2020-08-13,1059361,15888,312958,30168,267357,36237,12.406058933848586
"US, RI",2020-08-28,1059361,16269,333148,32090,285237,0,0.0
"US, RI",2020-09-12,1059361,16646,354722,33705,304674,0,0.0
"US, RI",2020-09-27,1059361,17017,379769,35424,327541,0,0.0
"US, RI",2020-10-12,1059361,17684,428020,38105,372514,0,0.0
"US, RI",2020-10-27,1059361,6042,161449,13668,141804,0,0.0
"US, TN",2020-01-01,6829174,0,0,0,0,0,0.0
"US, TN",2020-01-16,6829174,0,0,0,0,0,0.0
"US, TN",2020-01-31,6829174,0,0,0,0,0,0.0
"US, TN",2020-02-15,6829174,0,0,0,0,0,0.0
"US, TN",2020-03-01,6829174,0,0,0,0,0,0.0
"US, TN",2020-03-16,6829174,0,0,0,0,0,0.0
"US, TN",2020-03-31,6829174,339,16945,5144,16606,1779,2.2484425853552357
"US, TN",2020-04-15,6829174,2422,120336,58330,117914,11767,10.644583259010286
"US, TN",2020-04-30,6829174,3548,212677,103789,105340,18645,9.417934474226387
"US, TN",2020-05-15,6829174,4838,291125,181368,104919,23416,8.643194178343014
"US, TN",2020-05-30,6829174,6177,389914,258446,125291,28518,7.857985650057599
"US, TN",2020-06-14,6829174,7961,528460,348014,172485,34603,7.031960405175764
"US, TN",2020-06-29,6829174,10003,795095,473888,311204,44141,5.993727810607703
"US, TN",2020-07-14,6829174,13219,1238104,721372,503513,57754,5.020848336540648
"US, TN",2020-07-29,6829174,17229,1718289,1122554,578506,75126,4.68599299348368
"US, TN",2020-08-13,6829174,22317,2085330,1502412,560601,92297,4.740659536693646
"US, TN",2020-08-28,6829174,27593,2407499,2021023,358883,0,0.0
"US, TN",2020-09-12,6829174,33120,2717287,2464112,220055,0,0.0
"US, TN",2020-09-27,6829174,38615,3038462,2768545,231302,0,0.0
"US, TN",2020-10-12,6829174,44271,3480703,3106035,330397,0,0.0
"US, TN",2020-10-27,6829174,16405,1283034,1135997,130632,0,0.0
"US, TX",2020-01-01,28995881,0,0,0,0,0,0.0
"US, TX",2020-01-16,28995881,0,0,0,0,0,0.0
"US, TX",2020-01-31,28995881,0,0,0,0,0,0.0
"US, TX",2020-02-15,28995881,0,0,0,0,0,0.0
"US, TX",2020-03-01,28995881,0,0,0,0,0,0.0
"US, TX",2020-03-16,28995881,0,0,0,0,0,0.0
"US, TX",2020-03-31,28995881,1006,43196,6863,42028,3923,1.957900232283963
"US, TX",2020-04-15,28995881,9028,326689,114083,316131,19844,6.912464722053732
"US, TX",2020-04-30,28995881,15884,547812,277799,250566,0,0.0
"US, TX",2020-05-15,28995881,23058,806904,483188,298558,0,0.0
"US, TX",2020-05-30,28995881,28376,1115258,728757,356070,0,0.0
"US, TX",2020-06-14,28995881,34533,1745552,1027017,678836,0,0.0
"US, TX",2020-06-29,28995881,44502,3173447,1600084,1516941,0,0.0
"US, TX",2020-07-14,28995881,70611,5274430,2852249,2342083,0,0.0
"US, TX",2020-07-29,28995881,124333,7157092,4683782,2303158,0,0.0
"US, TX",2020-08-13,28995881,171926,8730560,6442216,2045203,0,0.0
"US, TX",2020-08-28,28995881,204919,9789046,7950938,1581285,0,0.0
"US, TX",2020-09-12,28995881,229296,10805231,9092389,1416489,0,0.0
"US, TX",2020-09-27,28995881,249727,11946576,10195710,1406435,0,0.0
"US, TX",2020-10-12,28995881,267166,13010362,10971997,1646267,0,0.0
"US, TX",2020-10-27,28995881,92980,4642891,3861949,638735,0,0.0
"US, VA",2020-01-01,8535519,0,0,0,0,0,0.0
"US, VA",2020-01-16,8535519,0,0,0,0,0,0.0
"US, VA",2020-01-31,8535519,0,0,0,0,0,0.0
"US, VA",2020-02-15,8535519,0,0,0,0,0,0.0
"US, VA",2020-03-01,8535519,0,0,0,0,0,0.0
"US, VA",2020-03-16,8535519,0,0,0,0,0,0.0
"US, VA",2020-03-31,8535519,444,17203,721,16759,3271,4.037068969059014
"US, VA",2020-04-15,8535519,5286,157128,22117,151842,29208,19.541049287495834
"US, VA",2020-04-30,8535519,11393,325784,42942,271449,65722,21.79333358207353
"US, VA",2020-05-15,8535519,17110,527268,71357,438801,93381,19.045672309635957
"US, VA",2020-05-30,8535519,21886,738119,96372,619861,114780,16.723126390580067
"US, VA",2020-06-14,8535519,24414,869438,114299,730725,127389,15.707351205593563
"US, VA",2020-06-29,8535519,28082,996394,131864,836448,145576,15.648781302598634
"US, VA",2020-07-14,8535519,30622,1192619,154370,1007627,172076,15.462440773718052
"US, VA",2020-07-29,8535519,33896,1429813,187078,1208839,206315,15.47120946378321
"US, VA",2020-08-13,8535519,36466,1651653,211714,1403469,229848,14.915820562821143
"US, VA",2020-08-28,8535519,39675,1869335,232314,1596857,0,0.0
"US, VA",2020-09-12,8535519,44349,2088525,251552,1791119,0,0.0
"US, VA",2020-09-27,8535519,49001,2277840,269005,1956547,0,0.0
"US, VA",2020-10-12,8535519,52023,2505186,286492,2159600,0,0.0
"US, VA",2020-10-27,8535519,18149,891175,99257,773151,0,0.0
"US, WI",2020-01-01,5822434,0,0,0,0,0,0.0
"US, WI",2020-01-16,5822434,0,0,0,0,0,0.0
"US, WI",2020-01-31,5822434,0,0,0,0,0,0.0
"US, WI",2020-02-15,5822434,0,0,0,0,0,0.0
"US, WI",2020-03-01,5822434,0,0,0,0,0,0.0
"US, WI",2020-03-16,5822434,0,0,0,0,0,0.0
"US, WI",2020-03-31,5822434,468,10324,0,9856,3016,6.2591436919986645
"US, WI",2020-04-15,5822434,3688,75060,0,71372,19300,27.955673557754675
"US, WI",2020-04-30,5822434,5609,137664,67894,64161,25928,20.3976962364976
"US, WI",2020-05-15,5822434,7446,216425,125002,83977,33519,16.703011081887738
"US, WI",2020-05-30,5822434,9589,305669,204486,91594,42023,14.743812561745193
"US, WI",2020-06-14,5822434,11077,373897,287307,75513,48344,13.876582963121246
"US, WI",2020-06-29,5822434,12020,484104,381176,90908,54456,12.10129610614822
"US, WI",2020-07-14,5822434,12912,661676,512596,136168,62826,10.21312899568979
"US, WI",2020-07-29,5822434,14516,855490,696730,144244,72544,9.099374197588777
"US, WI",2020-08-13,5822434,15941,1023622,886101,121580,81716,8.559016903894891
"US, WI",2020-08-28,5822434,17292,1190839,1054679,118868,0,0.0
"US, WI",2020-09-12,5822434,18603,1488971,1270444,199924,0,0.0
"US, WI",2020-09-27,5822434,20623,1986087,1605406,360058,0,0.0
"US, WI",2020-10-12,5822434,24491,2712558,2068873,539153,0,0.0
"US, WI",2020-10-27,5822434,9700,1135622,840451,226741,0,0.0
"US, MT",2020-01-01,1068778,0,0,0,0,0,0.0
"US, MT",2020-01-16,1068778,0,0,0,0,0,0.0
"US, MT",2020-01-31,1068778,0,0,0,0,0,0.0
"US, MT",2020-02-15,1068778,0,0,0,0,0,0.0
"US, MT",2020-03-01,1068778,0,0,0,0,0,0.0
"US, MT",2020-03-16,1068778,0,0,0,0,0,0.0
"US, MT",2020-03-31,1068778,20,1180,537,1160,144,2.6146403692965925
"US, MT",2020-04-15,1068778,179,6539,4348,6360,865,14.161793219968903
"US, MT",2020-04-30,1068778,240,6859,6218,401,929,14.511329806439933
"US, MT",2020-05-15,1068778,244,7154,6586,324,972,14.556979396112352
"US, MT",2020-05-30,1068778,264,8139,7108,767,1052,13.8459640648791
"US, MT",2020-06-14,1068778,307,10780,8334,2139,1303,13.015567271681194
"US, MT",2020-06-29,1068778,369,19776,11023,8384,1722,9.58892683070175
"US, MT",2020-07-14,1068778,614,41193,21933,18646,2613,6.857359066655627
"US, MT",2020-07-29,1068778,1001,67294,43113,23180,3760,5.995314462074177
"US, MT",2020-08-13,1068778,1318,91871,67544,23009,5369,6.255793059285573
"US, MT",2020-08-28,1068778,1697,119206,88477,29032,0,0.0
"US, MT",2020-09-12,1068778,2283,152462,115480,34699,0,0.0
"US, MT",2020-09-27,1068778,2841,223813,148742,72230,0,0.0
"US, MT",2020-10-12,1068778,3821,354381,218024,132536,0,0.0
"US, MT",2020-10-27,1068778,1706,154882,100997,52179,0,0.0
"US, OK",2020-01-01,3956971,0,0,0,0,0,0.0
"US, OK",2020-01-16,3956971,0,0,0,0,0,0.0
"US, OK",2020-01-31,3956971,0,0,0,0,0,0.0
"US, OK",2020-02-15,3956971,0,0,0,0,0,0.0
"US, OK",2020-03-01,3956971,0,0,0,0,0,0.0
"US, OK",2020-03-16,3956971,0,0,0,0,0,0.0
"US, OK",2020-03-31,3956971,303,6223,2790,5920,1391,4.790848675041429
"US, OK",2020-04-15,3956971,2517,43248,26674,40731,8892,22.14954364241512
"US, OK",2020-04-30,3956971,3848,64561,44768,15945,11823,19.68134031442045
"US, OK",2020-05-15,3956971,4581,86647,67613,14453,13792,17.094695492493805
"US, OK",2020-05-30,3956971,5201,106628,88560,12867,15511,15.562185248171627
"US, OK",2020-06-14,3956971,5548,156976,115480,35948,18836,12.970363296907474
"US, OK",2020-06-29,3956971,6053,252055,191214,54788,26362,11.270632136136156
"US, OK",2020-07-14,3956971,6990,406428,316694,82744,37647,9.938016143553137
"US, OK",2020-07-29,3956971,8648,605826,495630,101548,51348,9.091911348326168
"US, OK",2020-08-13,3956971,10533,763347,640348,112466,63807,8.95651659235226
"US, OK",2020-08-28,3956971,12529,929386,781492,135365,0,0.0
"US, OK",2020-09-12,3956971,14161,1136745,954091,168493,0,0.0
"US, OK",2020-09-27,3956971,15808,1372709,1159974,196927,0,0.0
"US, OK",2020-10-12,3956971,17759,1631838,1393802,220277,0,0.0
"US, OK",2020-10-27,3956971,6528,602011,519796,75687,0,0.0
"US, SC",0,0,0,0,0,0,0,0.0
"US, SC",0,0,0,0,0,0,0,0.0
"US, SC",0,0,0,0,0,0,0,0.0
"US, SC",0,0,0,0,0,0,0,0.0
"US, SC",2020-03-01,0,0,0,0,0,0,0.0
"US, SC",2020-03-16,0,0,0,0,0,0,0.0
"US, SC",2020-03-31,0,261,10264,0,10003,1667,3.468910183640943
"US, SC",2020-04-15,0,2206,71925,36912,69719,12523,18.69110422617889
"US, SC",2020-04-30,0,4657,107633,63718,39258,17776,17.711720911407223
"US, SC",2020-05-15,0,6342,145203,84714,54147,22640,16.751658396947516
"US, SC",2020-05-30,0,8088,211193,110841,92264,27195,13.958777733255273
"US, SC",2020-06-14,0,9812,376028,167045,199171,34314,9.934210196278494
"US, SC",2020-06-29,0,12710,693694,269214,411770,45574,7.130043496239266
"US, SC",2020-07-14,0,18863,1093145,395908,678374,65879,6.461425909217561
"US, SC",2020-07-29,0,28288,1428608,528597,871723,86905,6.5102479007367355
"US, SC",2020-08-13,0,36006,1641876,695126,910744,107878,7.0365110219916405
"US, SC",2020-08-28,0,42514,1838493,771465,1024514,0,0.0
"US, SC",2020-09-12,0,47749,2061307,857111,1156447,0,0.0
"US, SC",2020-09-27,0,51680,2271191,1114042,1105469,0,0.0
"US, SC",2020-10-12,0,55252,2471323,1242424,1173647,0,0.0
"US, SC",2020-10-27,0,19438,872867,447334,406095,0,0.0
"US, UT",2020-01-01,3205958,0,0,0,0,0,0.0
"US, UT",2020-01-16,3205958,0,0,0,0,0,0.0
"US, UT",2020-01-31,3205958,0,0,0,0,0,0.0
"US, UT",2020-02-15,3205958,0,0,0,0,0,0.0
"US, UT",2020-03-01,3205958,0,0,0,0,0,0.0
"US, UT",2020-03-16,3205958,0,0,0,0,0,0.0
"US, UT",2020-03-31,3205958,49,7083,436,7034,609,1.84185217981833
"US, UT",2020-04-15,3205958,490,52508,15300,52018,4438,9.075812366511352
"US, UT",2020-04-30,3205958,901,86181,40425,44855,7145,8.8883882430552
"US, UT",2020-05-15,3205958,1389,120446,71301,47756,10566,9.386797753638982
"US, UT",2020-05-30,3205958,1835,174512,104693,67984,13238,8.160617896039726
"US, UT",2020-06-14,3205958,2344,262138,146184,113610,17900,7.344436055808766
"US, UT",2020-06-29,3205958,2875,385432,219988,162569,24372,6.787915135945476
"US, UT",2020-07-14,3205958,3827,524272,330406,190039,31431,6.43166660916952
"US, UT",2020-07-29,3205958,4860,635127,466910,163357,37711,6.360765420457454
"US, UT",2020-08-13,3205958,5674,720163,590669,123820,42883,6.379978972950637
"US, UT",2020-08-28,3205958,6257,806396,681522,118617,0,0.0
"US, UT",2020-09-12,3205958,6597,941919,764030,171292,0,0.0
"US, UT",2020-09-27,3205958,7208,1164618,867578,289832,0,0.0
"US, UT",2020-10-12,3205958,8218,1439074,1062808,368048,0,0.0
"US, UT",2020-10-27,3205958,2969,554259,407120,144170,0,0.0
"US, WA",2020-01-01,7614893,0,0,0,0,0,0.0
"US, WA",2020-01-16,7614893,0,0,0,0,0,0.0
"US, WA",2020-01-31,7614893,0,0,0,0,0,0.0
"US, WA",2020-02-15,7614893,0,0,0,0,0,0.0
"US, WA",2020-03-01,7614893,0,0,0,0,0,0.0
"US, WA",2020-03-16,7614893,0,0,0,0,0,0.0
"US, WA",2020-03-31,7614893,1743,32043,0,30494,1556,1.0421762175148428
"US, WA",2020-04-15,7614893,10957,188817,0,178571,6913,4.0396502435296275
"US, WA",2020-04-30,7614893,13866,242034,0,228647,3450,1.477921143268393
"US, WA",2020-05-15,7614893,16013,291027,0,275301,29489,10.535821250626435
"US, WA",2020-05-30,7614893,17434,355365,0,333455,54457,16.653716779935557
"US, WA",2020-06-14,7614893,18739,436012,0,410502,60251,15.06693082172828
"US, WA",2020-06-29,7614893,20308,561048,0,529723,67717,13.251924841325307
"US, WA",2020-07-14,7614893,22242,738829,0,704109,76582,11.330716318554876
"US, WA",2020-07-29,7614893,25033,913324,0,876530,86608,10.307996452108208
"US, WA",2020-08-13,7614893,27442,1051933,0,1011839,95728,9.872064838264976
"US, WA",2020-08-28,7614893,29004,1160190,0,1114130,0,0.0
"US, WA",2020-09-12,7614893,30406,1256035,0,1202538,0,0.0
"US, WA",2020-09-27,7614893,31933,1377038,0,1314123,0,0.0
"US, WA",2020-10-12,7614893,33500,1520776,0,1446607,0,0.0
"US, WA",2020-10-27,7614893,11616,544500,0,516620,0,0.0
"US, ME",2020-01-01,1344212,0,0,0,0,0,0.0
"US, ME",2020-01-16,1344212,0,0,0,0,0,0.0
"US, ME",2020-01-31,1344212,0,0,0,0,0,0.0
"US, ME",2020-02-15,1344212,0,0,0,0,0,0.0
"US, ME",2020-03-01,1344212,0,0,0,0,0,0.0
"US, ME",2020-03-16,1344212,0,0,0,0,0,0.0
"US, ME",2020-03-31,1344212,58,2066,831,2008,368,3.8280812321387643
"US, ME",2020-04-15,1344212,598,13778,6861,13180,2189,17.0387873327796
"US, ME",2020-04-30,1344212,919,19808,11937,6952,2871,15.633701242604557
"US, ME",2020-05-15,1344212,1136,28839,17931,9772,3599,13.41062327047383
"US, ME",2020-05-30,1344212,1445,37749,27458,8846,4424,12.57124594100961
"US, ME",2020-06-14,1344212,1533,44445,35803,7109,4986,12.025151638179656
"US, ME",2020-06-29,1344212,1632,51204,42157,7415,5399,11.30022312089415
"US, ME",2020-07-14,1344212,1758,55634,47873,6003,5657,10.898423989716571
"US, ME",2020-07-29,1344212,1858,59762,51728,6176,5852,10.492912222914962
"US, ME",2020-08-13,1344212,1931,63884,55425,6528,6069,10.181043713377875
"US, ME",2020-08-28,1344212,1998,69208,60263,6947,0,0.0
"US, ME",2020-09-12,1344212,2076,75663,65382,8205,0,0.0
"US, ME",2020-09-27,1344212,2125,82640,71743,8772,0,0.0
"US, ME",2020-10-12,1344212,2178,89609,77697,9734,0,0.0
"US, ME",2020-10-27,1344212,731,32389,27314,4344,0,0.0
"US, MS",2020-01-01,2976149,0,0,0,0,0,0.0
"US, MS",2020-01-16,2976149,0,0,0,0,0,0.0
"US, MS",2020-01-31,2976149,0,0,0,0,0,0.0
"US, MS",2020-02-15,2976149,0,0,0,0,0,0.0
"US, MS",2020-03-01,2976149,0,0,0,0,0,0.0
"US, MS",2020-03-16,2976149,0,0,0,0,0,0.0
"US, MS",2020-03-31,2976149,305,8810,0,8505,1693,4.119477668071771
"US, MS",2020-04-15,2976149,2823,74368,3413,71545,13427,19.513887940424233
"US, MS",2020-04-30,2976149,5655,130336,69671,55010,21398,17.650126000612563
"US, MS",2020-05-15,2976149,8951,189833,119576,61306,29273,16.55569808155297
"US, MS",2020-05-30,2976149,12160,257801,177359,68282,36841,15.331404460402187
"US, MS",2020-06-14,2976149,14481,332328,241311,76536,42872,13.883877207197305
"US, MS",2020-06-29,2976149,17235,474700,316817,140648,49749,11.297445978935926
"US, MS",2020-07-14,2976149,20981,685342,437939,226422,57362,9.048085486728402
"US, MS",2020-07-29,2976149,26789,948303,614155,307359,67057,7.587506397328123
"US, MS",2020-08-13,2976149,32819,1130331,840081,257431,76039,7.213930893744589
"US, MS",2020-08-28,2976149,38139,1281130,1027857,215134,0,0.0
"US, MS",2020-09-12,2976149,41974,1392256,1212955,137327,0,0.0
"US, MS",2020-09-27,2976149,45210,1509527,1347525,116792,0,0.0
"US, MS",2020-10-12,2976149,47848,1662325,1444265,170212,0,0.0
"US, MS",2020-10-27,2976149,16557,592317,506925,68835,0,0.0
"US, WV",2020-01-01,1792147,0,0,0,0,0,0.0
"US, WV",2020-01-16,1792147,0,0,0,0,0,0.0
"US, WV",2020-01-31,1792147,0,0,0,0,0,0.0
"US, WV",2020-02-15,1792147,0,0,0,0,0,0.0
"US, WV",2020-03-01,1792147,0,0,0,0,0,0.0
"US, WV",2020-03-16,1792147,0,0,0,0,0,0.0
"US, WV",2020-03-31,1792147,23,1844,315,1821,409,4.723257360894322
"US, WV",2020-04-15,1792147,388,13953,5280,13565,1256,10.188469018671668
"US, WV",2020-04-30,1792147,768,19231,10514,7949,0,0.0
"US, WV",2020-05-15,1792147,1052,25075,15624,8399,0,0.0
"US, WV",2020-05-30,1792147,1228,31925,21436,9261,0,0.0
"US, WV",2020-06-14,1792147,1348,38062,26316,10398,0,0.0
"US, WV",2020-06-29,1792147,1417,52566,37920,13229,0,0.0
"US, WV",2020-07-14,1792147,1519,78644,55063,22062,0,0.0
"US, WV",2020-07-29,1792147,1899,107668,78710,27059,0,0.0
"US, WV",2020-08-13,1792147,2566,134068,104153,27349,0,0.0
"US, WV",2020-08-28,1792147,3559,164975,126008,35408,0,0.0
"US, WV",2020-09-12,1792147,4566,207259,151761,50932,0,0.0
"US, WV",2020-09-27,1792147,5475,249799,181093,63231,0,0.0
"US, WV",2020-10-12,1792147,6113,304062,225790,72159,0,0.0
"US, WV",2020-10-27,1792147,2229,117695,91572,23894,0,0.0
"US, ID",2020-01-01,1787065,0,0,0,0,0,0.0
"US, ID",2020-01-16,1787065,0,0,0,0,0,0.0
"US, ID",2020-01-31,1787065,0,0,0,0,0,0.0
"US, ID",2020-02-15,1787065,0,0,0,0,0,0.0
"US, ID",2020-03-01,1787065,0,0,0,0,0,0.0
"US, ID",2020-03-16,1787065,0,0,0,0,0,0.0
"US, ID",2020-03-31,1787065,87,4297,0,4210,398,1.984897383898918
"US, ID",2020-04-15,1787065,748,26457,9866,25709,2381,9.655846009588517
"US, ID",2020-04-30,1787065,994,32500,20590,10916,3002,9.893686859745086
"US, ID",2020-05-15,1787065,1160,38418,26590,10668,3326,9.281821999192685
"US, ID",2020-05-30,1787065,1256,46362,36423,8683,3821,8.844542840461054
"US, ID",2020-06-14,1787065,1335,62802,49302,12165,4290,7.425230077178678
"US, ID",2020-06-29,1787065,1439,124660,49171,74050,5757,5.034145122649137
"US, ID",2020-07-14,1787065,1950,235003,66798,166255,9414,4.299198746935873
"US, ID",2020-07-29,1787065,3214,342800,118823,220763,13681,4.277872934633387
"US, ID",2020-08-13,1787065,4432,434253,175960,253861,17741,4.372628421420842
"US, ID",2020-08-28,1787065,5706,497894,236435,255753,0,0.0
"US, ID",2020-09-12,1787065,6584,560345,296854,257326,0,0.0
"US, ID",2020-09-27,1787065,7263,662909,341189,314457,0,0.0
"US, ID",2020-10-12,1787065,8087,812245,391088,413070,0,0.0
"US, ID",2020-10-27,1787065,3054,313872,144503,166315,0,0.0
"US, KS",2020-01-01,2913314,0,0,0,0,0,0.0
"US, KS",2020-01-16,2913314,0,0,0,0,0,0.0
"US, KS",2020-01-31,2913314,0,0,0,0,0,0.0
"US, KS",2020-02-15,2913314,0,0,0,0,0,0.0
"US, KS",2020-03-01,2913314,0,0,0,0,0,0.0
"US, KS",2020-03-16,2913314,0,0,0,0,0,0.0
"US, KS",2020-03-31,2913314,201,4175,0,3988,934,4.792529248381293
"US, KS",2020-04-15,2913314,1598,38174,266,36581,6478,19.208963600066113
"US, KS",2020-04-30,2913314,2463,92513,5001,85049,9050,10.632669703267377
"US, KS",2020-05-15,2913314,3060,131073,7261,120752,11619,9.506402241448859
"US, KS",2020-05-30,2913314,3464,155326,9114,142748,13645,9.409033935495293
"US, KS",2020-06-14,2913314,3845,185410,10831,170736,15736,9.105934670746192
"US, KS",2020-06-29,2913314,4291,250293,12893,233109,18571,7.992716002565198
"US, KS",2020-07-14,2913314,4767,345860,15344,325758,22648,7.030405946905761
"US, KS",2020-07-29,2913314,5585,438297,18616,414201,27281,6.672979709473784
"US, KS",2020-08-13,2913314,6294,543446,22204,515189,31578,6.234693920250962
"US, KS",2020-08-28,2913314,7113,671557,26220,638678,0,0.0
"US, KS",2020-09-12,2913314,8840,799683,29216,749073,0,0.0
"US, KS",2020-09-27,2913314,10580,957212,32356,876686,0,0.0
"US, KS",2020-10-12,2913314,13411,1123087,36322,1024639,0,0.0
"US, KS",2020-10-27,2913314,5056,426614,13075,383964,0,0.0
"US, ND",2020-01-01,762062,0,0,0,0,0,0.0
"US, ND",2020-01-16,762062,0,0,0,0,0,0.0
"US, ND",2020-01-31,762062,0,0,0,0,0,0.0
"US, ND",2020-02-15,762062,0,0,0,0,0,0.0
"US, ND",2020-03-01,762062,0,0,0,0,0,0.0
"US, ND",2020-03-16,762062,0,0,0,0,0,0.0
"US, ND",2020-03-31,762062,23,980,386,957,121,2.6474032389296505
"US, ND",2020-04-15,762062,201,10307,3867,10106,914,9.869175980693353
"US, ND",2020-04-30,762062,460,20531,10216,9855,1556,8.130251684196123
"US, ND",2020-05-15,762062,753,33177,21531,10893,2189,7.102525537128016
"US, ND",2020-05-30,762062,1033,41985,34288,6664,2716,6.930336306062371
"US, ND",2020-06-14,762062,1146,49191,43674,4371,3192,6.95073629001452
"US, ND",2020-06-29,762062,1238,58667,50607,6822,3719,6.797397233288367
"US, ND",2020-07-14,762062,1413,78990,64478,13099,4655,6.334415897000925
"US, ND",2020-07-29,762062,1630,106210,88144,16436,5899,5.955945642744853
"US, ND",2020-08-13,762062,1956,139745,116304,21485,7276,5.5935484385733645
"US, ND",2020-08-28,762062,2262,193856,155838,35756,0,0.0
"US, ND",2020-09-12,762062,2853,263923,215608,45462,0,0.0
"US, ND",2020-09-27,762062,4180,354947,293546,57221,0,0.0
"US, ND",2020-10-12,762062,6106,492629,401586,84937,0,0.0
"US, ND",2020-10-27,762062,2499,206566,169600,34467,0,0.0
"US, SD",2020-01-01,884659,0,0,0,0,0,0.0
"US, SD",2020-01-16,884659,0,0,0,0,0,0.0
"US, SD",2020-01-31,884659,0,0,0,0,0,0.0
"US, SD",2020-02-15,884659,0,0,0,0,0,0.0
"US, SD",2020-03-01,884659,0,0,0,0,0,0.0
"US, SD",2020-03-16,884659,0,0,0,0,0,0.0
"US, SD",2020-03-31,884659,18,2586,665,2568,132,1.108156518068795
"US, SD",2020-04-15,884659,133,27650,13761,27517,1587,5.960746403827618
"US, SD",2020-04-30,884659,439,46124,30188,15497,3499,8.131351269914811
"US, SD",2020-05-15,884659,733,65290,47815,16742,5266,8.62429327212816
"US, SD",2020-05-30,884659,992,80383,64275,15116,7118,9.479768351273766
"US, SD",2020-06-14,884659,1231,94050,80494,12325,9032,10.281751694563605
"US, SD",2020-06-29,884659,1491,106992,92586,12915,10509,10.523755572244553
"US, SD",2020-07-14,884659,1774,120493,105910,12809,11702,10.40931974084037
"US, SD",2020-07-29,884659,2081,138096,121330,14685,12791,9.928432337145125
"US, SD",2020-08-13,884659,2348,162361,139664,20349,14112,9.329859256687394
"US, SD",2020-08-28,884659,2560,217198,173933,40705,0,0.0
"US, SD",2020-09-12,884659,2967,276538,230697,42874,0,0.0
"US, SD",2020-09-27,884659,3726,368274,299166,65382,0,0.0
"US, SD",2020-10-12,884659,4921,510817,380286,125610,0,0.0
"US, SD",2020-10-27,884659,2002,216281,150803,63476,0,0.0
"US, WY",2020-01-01,578759,0,0,0,0,0,0.0
"US, WY",2020-01-16,578759,0,0,0,0,0,0.0
"US, WY",2020-01-31,578759,0,0,0,0,0,0.0
"US, WY",2020-02-15,578759,0,0,0,0,0,0.0
"US, WY",2020-03-01,578759,0,0,0,0,0,0.0
"US, WY",2020-03-16,578759,0,0,0,0,0,0.0
"US, WY",2020-03-31,578759,2,827,415,825,124,3.2122951906493498
"US, WY",2020-04-15,578759,68,6237,3880,6169,764,13.641520285682358
"US, WY",2020-04-30,578759,105,9448,6329,3014,925,10.499497748632669
"US, WY",2020-05-15,578759,170,12115,8250,3695,1142,10.09865395721513
"US, WY",2020-05-30,578759,257,14274,11174,2843,1337,10.044972201688273
"US, WY",2020-06-14,578759,290,18304,13936,4078,1541,9.041637550947211
"US, WY",2020-06-29,578759,307,25110,18402,6401,1793,7.6885797383055055
"US, WY",2020-07-14,578759,366,33759,25700,7693,2201,6.996021416267854
"US, WY",2020-07-29,578759,408,43491,34671,8412,2586,6.37588009216171
"US, WY",2020-08-13,578759,507,51687,42264,8916,3014,6.251318287195451
"US, WY",2020-08-28,578759,603,59767,50105,9059,0,0.0
"US, WY",2020-09-12,578759,712,72414,61507,10195,0,0.0
"US, WY",2020-09-27,578759,787,98113,77923,19403,0,0.0
"US, WY",2020-10-12,578759,924,141496,102598,37974,0,0.0
"US, WY",2020-10-27,578759,415,62785,41243,21127,0,0.0
"US, VT",2020-01-01,623989,0,0,0,0,0,0.0
"US, VT",2020-01-16,623989,0,0,0,0,0,0.0
"US, VT",2020-01-31,623989,0,0,0,0,0,0.0
"US, VT",2020-02-15,623989,0,0,0,0,0,0.0
"US, VT",2020-03-01,623989,0,0,0,0,0,0.0
"US, VT",2020-03-16,623989,0,0,0,0,0,0.0
"US, VT",2020-03-31,623989,84,2227,45,2143,131,1.2570826276344536
"US, VT",2020-04-15,623989,611,12310,8640,11699,569,5.0253092487728
"US, VT",2020-04-30,623989,783,13642,6835,6024,0,0.0
"US, VT",2020-05-15,623989,810,14296,12460,1026,0,0.0
"US, VT",2020-05-30,623989,825,15689,13336,1528,0,0.0
"US, VT",2020-06-14,623989,836,17403,13881,2686,0,0.0
"US, VT",2020-06-29,623989,840,18766,15277,2649,0,0.0
"US, VT",2020-07-14,623989,840,20427,17221,2366,0,0.0
"US, VT",2020-07-29,623989,861,21586,18777,1948,0,0.0
"US, VT",2020-08-13,623989,870,23088,20345,1873,0,0.0
"US, VT",2020-08-28,623989,870,24570,21679,2021,0,0.0
"US, VT",2020-09-12,623989,870,25653,23123,1660,0,0.0
"US, VT",2020-09-27,623989,870,26948,24325,1753,0,0.0
"US, VT",2020-10-12,623989,870,29407,25511,3026,0,0.0
"US, VT",2020-10-27,623989,290,10708,8901,1517,0,0.0
"US, DE",2020-01-01,973764,0,0,0,0,0,0.0
"US, DE",2020-01-16,973764,0,0,0,0,0,0.0
"US, DE",2020-01-31,973764,0,0,0,0,0,0.0
"US, DE",2020-02-15,973764,0,0,0,0,0,0.0
"US, DE",2020-03-01,973764,0,0,0,0,0,0.0
"US, DE",2020-03-16,973764,0,0,0,0,0,0.0
"US, DE",2020-03-31,973764,164,5309,681,5190,595,2.4084039356411497
"US, DE",2020-04-15,973764,1912,48105,9989,46736,3396,8.26122579056482
"US, DE",2020-04-30,973764,4318,88420,32263,53113,0,0.0
"US, DE",2020-05-15,973764,6533,126477,63320,58400,0,0.0
"US, DE",2020-05-30,973764,7783,147784,85237,56674,0,0.0
"US, DE",2020-06-14,973764,8301,160887,96752,57235,0,0.0
"US, DE",2020-06-29,973764,8578,182916,102426,72793,0,0.0
"US, DE",2020-07-14,973764,8820,206053,114208,83719,0,0.0
"US, DE",2020-07-29,973764,9045,228378,124943,94629,0,0.0
"US, DE",2020-08-13,973764,9170,250003,132402,108638,0,0.0
"US, DE",2020-08-28,973764,9334,267518,144186,114222,0,0.0
"US, DE",2020-09-12,973764,9540,292028,154310,128377,0,0.0
"US, DE",2020-09-27,973764,9906,317901,163326,144920,0,0.0
"US, DE",2020-10-12,973764,10402,347554,181815,155714,0,0.0
"US, DE",2020-10-27,973764,3633,122896,65050,54371,0,0.0
