name,week,population,deaths,confirmed,recovered,active,flights_arrived,flights_departed,arrived,departed,hospitalized,hospitalization rate
"US, HI",2020-01-01,1415872,0,0,0,0,480,420,605060,647628,0,0.0
"US, HI",2020-01-16,1415872,0,0,0,0,480,420,621877,643811,0,0.0
"US, HI",2020-01-31,1415872,0,0,0,0,480,420,640912,632383,0,0.0
"US, HI",2020-02-15,1415872,0,0,0,0,480,420,590425,594627,0,0.0
"US, HI",2020-03-01,1415872,0,0,0,0,480,420,456505,512168,0,0.0
"US, HI",2020-03-16,1415872,0,0,0,0,480,420,271146,333868,0,0.0
"US, HI",2020-03-31,1415872,27,1514,925,1487,480,420,68642,87382,132,1.8684543940113376
"US, HI",2020-04-15,1415872,178,8748,6478,8570,480,420,121,139,867,10.567117645531747
"US, HI",2020-04-30,1415872,252,9414,8246,916,480,420,14932,16564,1136,12.923024151674614
"US, HI",2020-05-15,1415872,255,9642,8737,650,480,420,50661,57730,1240,13.7789314944572
"US, HI",2020-05-30,1415872,255,10092,9217,620,480,420,68145,73825,1257,13.35250156181369
"US, HI",2020-06-14,1415872,257,12056,9883,1916,480,420,91796,94484,1478,13.134206663111703
"US, HI",2020-06-29,1415872,284,15832,11789,3759,480,420,125932,126121,1779,12.123513808503528
"US, HI",2020-07-14,1415872,366,21992,15878,5748,480,420,133695,133321,2220,10.853113310130317
"US, HI",2020-07-29,1415872,438,42431,20740,21253,480,420,105180,106487,3146,8.148550855868269
"US, HI",2020-08-13,1415872,672,88346,29826,57848,480,420,62939,65006,4990,6.050364449892608
"US, HI",2020-08-28,1415872,1187,139505,41621,96697,480,420,18676,19474,0,0.0
"US, HI",2020-09-12,1415872,1709,169266,65690,101867,480,420,41,39,0,0.0
"US, HI",2020-09-27,1415872,2271,191798,156177,33350,480,420,26,25,0,0.0
"US, HI",2020-10-12,1415872,2897,211550,165840,42813,480,420,1853,1934,0,0.0
"US, HI",2020-10-27,1415872,1078,74592,57992,15522,160,140,1298,1354,0,0.0
"US, AK",2020-01-01,731545,0,0,0,0,525,450,163303,157539,0,0.0
"US, AK",2020-01-16,731545,0,0,0,0,525,450,164024,160380,0,0.0
"US, AK",2020-01-31,731545,0,0,0,0,525,450,163293,162643,0,0.0
"US, AK",2020-02-15,731545,0,0,0,0,525,450,150518,147642,0,0.0
"US, AK",2020-03-01,731545,0,0,0,0,525,450,122369,112962,0,0.0
"US, AK",2020-03-16,731545,0,0,0,0,525,450,79997,70593,0,0.0
"US, AK",2020-03-31,731545,25,834,249,809,525,450,30969,28631,95,2.441248255028364
"US, AK",2020-04-15,731545,135,4926,2706,4791,525,450,12031,12659,442,9.80117466567201
"US, AK",2020-04-30,731545,144,5610,4430,1027,525,450,25279,23824,0,0.0
"US, AK",2020-05-15,731545,150,6076,5324,579,525,450,47140,41263,0,0.0
"US, AK",2020-05-30,731545,157,8226,5738,2178,525,450,70564,59486,48,0.6408544726301735
"US, AK",2020-06-14,731545,186,11527,7114,3997,525,450,87163,74878,0,0.0
"US, AK",2020-06-29,731545,238,18031,8404,9044,525,450,98064,90245,0,0.0
"US, AK",2020-07-14,731545,280,31687,11190,19620,525,450,109910,109566,0,0.0
"US, AK",2020-07-29,731545,372,51777,16465,34244,525,450,120494,128980,0,0.0
"US, AK",2020-08-13,731545,460,68324,24504,42653,525,450,97675,108397,0,0.0
"US, AK",2020-08-28,731545,601,84243,34321,48613,525,450,32928,36988,0,0.0
"US, AK",2020-09-12,731545,684,101650,38524,61743,525,450,35,36,0,0.0
"US, AK",2020-09-27,731545,880,127546,76004,49941,525,450,22,22,0,0.0
"US, AK",2020-10-12,731545,994,170459,97408,71260,525,450,3305,3725,0,0.0
"US, AK",2020-10-27,731545,381,77772,35372,41985,175,150,2296,2584,0,0.0
"US, CA",2020-01-01,39512223,0,0,0,0,750,750,3519810,3446359,0,0.0
"US, CA",2020-01-16,39512223,0,0,0,0,750,750,3657932,3604495,0,0.0
"US, CA",2020-01-31,39512223,0,0,0,0,750,750,3810466,3792164,0,0.0
"US, CA",2020-02-15,39512223,0,0,0,0,750,750,3370044,3377260,0,0.0
"US, CA",2020-03-01,39512223,0,0,0,0,750,750,2304068,2320608,0,0.0
"US, CA",2020-03-16,39512223,0,0,0,0,750,750,1223988,1236822,0,0.0
"US, CA",2020-03-31,39512223,2122,72188,0,69961,750,750,348989,349221,13412,3.994424393843279
"US, CA",2020-04-15,39512223,21266,563588,0,537401,750,750,38286,30602,63715,13.161353036372459
"US, CA",2020-04-30,39512223,37919,943011,0,895529,750,750,215836,209775,0,0.0
"US, CA",2020-05-15,39512223,54022,1371594,0,1304847,750,750,476738,475119,0,0.0
"US, CA",2020-05-30,39512223,68547,1950294,0,1861814,750,750,664541,674647,0,0.0
"US, CA",2020-06-14,39512223,82807,2792529,0,2644599,750,750,801467,817220,0,0.0
"US, CA",2020-06-29,39512223,98186,4271851,0,4047602,750,750,910971,920161,0,0.0
"US, CA",2020-07-14,39512223,119485,6238951,0,6014348,750,750,1073679,1077074,0,0.0
"US, CA",2020-07-29,39512223,147596,8112484,0,7870761,750,750,1263424,1265518,0,0.0
"US, CA",2020-08-13,39512223,177212,9803284,0,9571246,750,750,1063565,1065249,0,0.0
"US, CA",2020-08-28,39512223,203357,10956703,0,10721495,750,750,362980,363545,0,0.0
"US, CA",2020-09-12,39512223,225154,11776674,0,11515365,750,750,67,78,0,0.0
"US, CA",2020-09-27,39512223,242986,12532716,0,12243407,750,750,0,6,0,0.0
"US, CA",2020-10-12,39512223,256617,13293251,0,12980857,750,750,36775,36819,0,0.0
"US, CA",2020-10-27,39512223,88229,4638561,0,4530158,250,250,25460,25497,0,0.0
"US, AL",2020-01-01,4903185,0,0,0,0,555,510,95995,93125,0,0.0
"US, AL",2020-01-16,4903185,0,0,0,0,555,510,102170,100105,0,0.0
"US, AL",2020-01-31,4903185,0,0,0,0,555,510,110575,109806,0,0.0
"US, AL",2020-02-15,4903185,0,0,0,0,555,510,101816,101294,0,0.0
"US, AL",2020-03-01,4903185,0,0,0,0,555,510,73731,72417,0,0.0
"US, AL",2020-03-16,4903185,0,0,0,0,555,510,41362,40069,0,0.0
"US, AL",2020-03-31,4903185,306,11578,0,10944,555,510,11636,11392,1387,2.6410979845164144
"US, AL",2020-04-15,4903185,2816,84514,0,80270,555,510,1853,1804,10952,14.086645287750187
"US, AL",2020-04-30,4903185,5391,136861,0,130147,555,510,9350,9182,17436,13.85652721505833
"US, AL",2020-05-15,4903185,8071,211938,66416,133627,555,510,18044,17805,23392,12.109598287416805
"US, AL",2020-05-30,4903185,10398,311306,171217,124437,555,510,22634,22773,30076,10.566682823990822
"US, AL",2020-06-14,4903185,12668,461255,246672,195077,555,510,26044,26339,37097,8.784942534454773
"US, AL",2020-06-29,4903185,15485,690750,340087,325787,555,510,30561,30642,55074,8.466226439878417
"US, AL",2020-07-14,4903185,20147,1064672,458731,576052,555,510,37460,37438,126643,12.880882485192775
"US, AL",2020-07-29,4903185,25405,1429975,551900,849829,555,510,45444,45603,166947,12.538733744772378
"US, AL",2020-08-13,4903185,29558,1689291,654821,1004245,555,510,38818,39104,198382,12.588009091712694
"US, AL",2020-08-28,4903185,33542,1946686,760887,1155852,555,510,13265,13391,0,0.0
"US, AL",2020-09-12,4903185,36420,2154279,903848,1221479,555,510,4,11,0,0.0
"US, AL",2020-09-27,4903185,38631,2380075,1022293,1319542,555,510,1,6,0,0.0
"US, AL",2020-10-12,4903185,41876,2632060,1108780,1469034,555,510,1297,1314,0,0.0
"US, AL",2020-10-27,4903185,14616,951700,391893,539564,185,170,916,922,0,0.0
"US, AR",2020-01-01,3017804,0,0,0,0,495,405,71964,70794,0,0.0
"US, AR",2020-01-16,3017804,0,0,0,0,495,405,75560,75027,0,0.0
"US, AR",2020-01-31,3017804,0,0,0,0,495,405,80191,80504,0,0.0
"US, AR",2020-02-15,3017804,0,0,0,0,495,405,72911,72357,0,0.0
"US, AR",2020-03-01,3017804,0,0,0,0,495,405,52454,49647,0,0.0
"US, AR",2020-03-16,3017804,0,0,0,0,495,405,29291,26255,0,0.0
"US, AR",2020-03-31,3017804,88,4188,1185,4100,495,405,8328,7410,390,2.0038818432877408
"US, AR",2020-04-15,3017804,665,35358,12637,34693,495,405,1508,1923,3415,10.756592676163686
"US, AR",2020-04-30,3017804,1261,56072,36514,18297,495,405,7435,8216,6842,13.102587046221164
"US, AR",2020-05-15,3017804,1670,83107,59980,21457,495,405,14519,15244,8623,11.190771602751695
"US, AR",2020-05-30,3017804,2293,137843,94266,41284,495,405,19213,19715,12279,9.629902144325694
"US, AR",2020-06-14,3017804,3333,237543,156951,77259,495,405,23032,23627,17326,7.870344881540935
"US, AR",2020-06-29,3017804,4428,365987,268440,93119,495,405,27104,28099,24027,7.050398968212915
"US, AR",2020-07-14,3017804,5607,522314,412769,103938,495,405,32247,33055,33907,6.950760490563306
"US, AR",2020-07-29,3017804,7532,693288,580097,105659,495,405,37643,37393,46232,7.143391694753456
"US, AR",2020-08-13,3017804,9764,823821,725508,88549,495,405,31525,30748,56937,7.40246591619122
"US, AR",2020-08-28,3017804,12920,955842,859290,83632,495,405,10703,10375,0,0.0
"US, AR",2020-09-12,3017804,17382,1123506,998415,107709,495,405,8,8,0,0.0
"US, AR",2020-09-27,3017804,21515,1304772,1172740,110517,495,405,4,3,0,0.0
"US, AR",2020-10-12,3017804,25718,1501178,1344668,130792,495,405,1037,1003,0,0.0
"US, AR",2020-10-27,3017804,9451,549095,491344,48300,165,135,734,709,0,0.0
"US, AZ",2020-01-01,7278717,0,0,0,0,735,705,960033,924495,0,0.0
"US, AZ",2020-01-16,7278717,0,0,0,0,735,705,1009151,979720,0,0.0
"US, AZ",2020-01-31,7278717,0,0,0,0,735,705,1074096,1058261,0,0.0
"US, AZ",2020-02-15,7278717,0,0,0,0,735,705,991386,1003406,0,0.0
"US, AZ",2020-03-01,7278717,0,0,0,0,735,705,739404,785773,0,0.0
"US, AZ",2020-03-16,7278717,0,0,0,0,735,705,430544,478592,0,0.0
"US, AZ",2020-03-31,7278717,368,11056,249,10688,735,705,129158,145701,1105,2.0997953011307144
"US, AZ",2020-04-15,7278717,3376,83692,16158,80316,735,705,20405,20214,11888,15.017480304707908
"US, AZ",2020-04-30,7278717,6883,151123,31927,112313,735,705,99645,104107,21543,15.420576256999087
"US, AZ",2020-05-15,7278717,11487,234978,58839,164652,735,705,202344,215762,29589,13.417156933822437
"US, AZ",2020-05-30,7278717,15473,387500,81139,290888,735,705,272053,290836,49418,13.960934323872058
"US, AZ",2020-06-14,7278717,20589,792896,111948,660359,735,705,309259,326782,62336,8.737383218275065
"US, AZ",2020-06-29,7278717,28645,1520812,179754,1312413,735,705,322963,332479,78786,5.6233171744977435
"US, AZ",2020-07-14,7278717,43522,2223012,282584,1896906,735,705,361486,362391,105756,5.085592968621673
"US, AZ",2020-07-29,7278717,58912,2718197,363815,2295470,735,705,422657,417242,223673,8.757115359801984
"US, AZ",2020-08-13,7278717,69760,2939650,426567,2443323,735,705,356809,350010,315473,11.498297994000342
"US, AZ",2020-08-28,7278717,77134,3063637,470193,2516310,735,705,121805,119234,0,0.0
"US, AZ",2020-09-12,7278717,81747,3190081,505088,2603246,735,705,52,54,0,0.0
"US, AZ",2020-09-27,7278717,85467,3315146,538551,2691128,735,705,25,26,0,0.0
"US, AZ",2020-10-12,7278717,87407,3483694,578352,2817935,735,705,12202,11930,0,0.0
"US, AZ",2020-10-27,7278717,29627,1213758,203357,980774,245,235,8496,8312,0,0.0
"US, CO",2020-01-01,5758736,0,0,0,0,735,735,1225141,1246323,0,0.0
"US, CO",2020-01-16,5758736,0,0,0,0,735,735,1280266,1291812,0,0.0
"US, CO",2020-01-31,5758736,0,0,0,0,735,735,1349579,1346155,0,0.0
"US, CO",2020-02-15,5758736,0,0,0,0,735,735,1231720,1229739,0,0.0
"US, CO",2020-03-01,5758736,0,0,0,0,735,735,903092,918135,0,0.0
"US, CO",2020-03-16,5758736,0,0,0,0,735,735,514344,531930,0,0.0
"US, CO",2020-03-31,5758736,922,22948,0,22026,735,735,145013,148150,4341,4.053598969508885
"US, CO",2020-04-15,5758736,8079,167700,10936,159621,735,735,12211,10095,30931,19.895584042263938
"US, CO",2020-04-30,5758736,13932,273678,42568,217178,735,735,107622,107580,47962,18.7155891058886
"US, CO",2020-05-15,5758736,19564,351434,53224,278579,735,735,252075,254102,60294,18.407036231009076
"US, CO",2020-05-30,5758736,22833,415240,60647,331546,735,735,376775,375285,69328,17.882890320196854
"US, CO",2020-06-14,5758736,24701,458874,64655,369285,735,735,475512,467932,79860,18.669396412472288
"US, CO",2020-06-29,5758736,25570,519643,69155,424658,735,735,556695,542987,84651,17.47295947783941
"US, CO",2020-07-14,5758736,26544,620461,75270,518377,735,735,678829,667987,91341,15.814171590856686
"US, CO",2020-07-29,5758736,27749,733701,81487,624193,735,735,825720,827630,97727,14.28928056800545
"US, CO",2020-08-13,5758736,28609,813636,86255,698482,735,735,706530,715258,101787,13.412724296721988
"US, CO",2020-08-28,5758736,29404,878808,90163,758941,735,735,242297,246055,0,0.0
"US, CO",2020-09-12,5758736,30186,966563,93895,842179,735,735,37,37,0,0.0
"US, CO",2020-09-27,5758736,31079,1099034,99181,968440,735,735,0,0,0,0.0
"US, CO",2020-10-12,5758736,32747,1305106,107829,1164182,735,735,24435,24819,0,0.0
"US, CO",2020-10-27,5758736,11316,512731,38672,462628,245,245,16949,17219,0,0.0
"US, CT",2020-01-01,3565287,0,0,0,0,600,600,110619,112449,0,0.0
"US, CT",2020-01-16,3565287,0,0,0,0,600,600,117876,121606,0,0.0
"US, CT",2020-01-31,3565287,0,0,0,0,600,600,128537,134555,0,0.0
"US, CT",2020-02-15,3565287,0,0,0,0,600,600,122490,123127,0,0.0
"US, CT",2020-03-01,3565287,0,0,0,0,600,600,95943,84949,0,0.0
"US, CT",2020-03-16,3565287,0,0,0,0,600,600,57634,44678,0,0.0
"US, CT",2020-03-31,3565287,1827,39405,0,37578,600,600,15394,11170,5193,2.8295258466629143
"US, CT",2020-04-15,3565287,22849,321568,0,298719,600,600,480,657,24662,8.852112233015747
"US, CT",2020-04-30,3565287,41338,475777,70231,364208,600,600,6922,6694,123217,27.436491709569857
"US, CT",2020-05-15,3565287,54079,591893,100864,436950,600,600,19222,17685,176926,32.00805941691686
"US, CT",2020-05-30,3565287,60750,654280,110608,482922,600,600,28534,27084,163874,26.90776675859987
"US, CT",2020-06-14,3565287,63868,685724,117550,504306,600,600,33104,32066,151413,23.657198370607354
"US, CT",2020-06-29,3565287,65079,703942,123384,515479,600,600,33630,32758,156441,23.810667183798262
"US, CT",2020-07-14,3565287,66037,723589,127060,530492,600,600,35758,34650,159954,23.68610066664638
"US, CT",2020-07-29,3565287,66561,752199,129854,555784,600,600,40090,38321,162801,23.189568456104983
"US, CT",2020-08-13,3565287,66867,771919,132881,572171,600,600,33139,31417,165894,23.02744841778075
"US, CT",2020-08-28,3565287,67039,799219,135429,596751,600,600,11177,10557,0,0.0
"US, CT",2020-09-12,3565287,67370,833856,138068,628418,600,600,0,0,0,0.0
"US, CT",2020-09-27,3565287,67744,878833,141184,669905,600,600,0,0,0,0.0
"US, CT",2020-10-12,3565287,68337,960428,145123,746968,600,600,1050,987,0,0.0
"US, CT",2020-10-27,3565287,23040,350624,49000,278584,200,200,755,713,0,0.0
"US, DC",2020-08-16,705749,8983,199846,158781,32082,705,705,202258,198594,0,0.0
"US, DC",2020-08-20,705749,9046,202605,161811,31748,705,705,181678,178207,0,0.0
"US, DC",2020-08-24,705749,9068,205565,163681,32816,705,705,154350,151217,0,0.0
"US, DC",2020-08-28,705749,9085,208916,165887,33944,705,705,119499,117017,0,0.0
"US, DC",2020-08-31,705749,9125,211408,168159,34124,705,705,80125,78415,0,0.0
"US, DC",2020-09-04,705749,9165,214062,170184,34713,705,705,44597,43669,0,0.0
"US, DC",2020-09-08,705749,9221,216254,172146,34887,705,705,15503,15163,0,0.0
"US, DC",2020-09-12,705749,9240,218889,173798,35851,705,705,28,20,0,0.0
"US, DC",2020-09-15,705749,9274,222031,176300,36457,705,705,0,0,0,0.0
"US, DC",2020-09-19,705749,9307,224670,177859,37504,705,705,13,13,0,0.0
"US, DC",2020-09-23,705749,9335,227086,179687,38064,705,705,15,15,0,0.0
"US, DC",2020-09-27,705749,9377,229234,181285,38572,705,705,12,15,0,0.0
"US, DC",2020-09-30,705749,9433,231380,183577,38370,705,705,0,1,0,0.0
"US, DC",2020-10-04,705749,9468,234207,185053,39686,705,705,0,0,0,0.0
"US, DC",2020-10-08,705749,9530,238275,187209,41536,705,705,0,0,0,0.0
"US, DC",2020-10-12,705749,9562,241386,189039,42785,705,705,484,468,0,0.0
"US, DC",2020-10-15,705749,9612,244792,191629,43551,705,705,4694,4602,0,0.0
"US, DC",2020-10-19,705749,9628,247319,193880,43811,705,705,8809,8615,0,0.0
"US, DC",2020-10-23,705749,9630,250967,196488,44849,705,705,11701,11427,0,0.0
"US, DC",2020-10-27,705749,9670,255244,199308,46266,705,705,13352,13087,0,0.0
"US, DC",2020-10-30,705749,3230,86208,66740,16238,235,235,4608,4513,0,0.0
"US, FL",2020-01-01,21477737,0,0,0,0,780,780,3108218,3247795,0,0.0
"US, FL",2020-01-16,21477737,0,0,0,0,780,780,3341965,3380450,0,0.0
"US, FL",2020-01-31,21477737,0,0,0,0,780,780,3668132,3562134,0,0.0
"US, FL",2020-02-15,21477737,0,0,0,0,780,780,3391653,3381203,0,0.0
"US, FL",2020-03-01,21477737,0,0,0,0,780,780,2434663,2731738,0,0.0
"US, FL",2020-03-16,21477737,0,0,0,0,780,780,1332372,1684648,0,0.0
"US, FL",2020-03-31,21477737,1531,62542,0,163011,780,780,327588,441936,8665,2.1703122550408187
"US, FL",2020-04-15,21477737,13733,426387,0,412654,780,780,11171,5723,66958,16.74426075660778
"US, FL",2020-04-30,21477737,23655,579438,0,555783,780,780,240346,227337,103246,19.04780294821302
"US, FL",2020-05-15,21477737,32410,738931,0,706521,780,780,575469,586225,138491,20.071973773588915
"US, FL",2020-05-30,21477737,40037,944862,0,904825,780,780,793846,799140,167517,19.05694287405058
"US, FL",2020-06-14,21477737,47544,1505816,0,1458272,780,780,926184,935504,200367,14.62205729935578
"US, FL",2020-06-29,21477737,57571,3123285,0,3065714,780,780,999910,1032844,249441,8.770419137794578
"US, FL",2020-07-14,21477737,78762,5539188,0,5460426,780,780,1091335,1134794,333177,6.480943622487977
"US, FL",2020-07-29,21477737,113618,7560802,0,7447184,780,780,1185107,1216354,435496,6.168013928634474
"US, FL",2020-08-13,21477737,149474,8812648,0,8663174,780,780,955646,970931,536950,6.525287366242582
"US, FL",2020-08-28,21477737,175027,9575602,0,9400575,780,780,321488,325504,0,0.0
"US, FL",2020-09-12,21477737,198553,10199901,0,10001348,780,780,57,57,0,0.0
"US, FL",2020-09-27,21477737,220013,10744000,0,10523987,780,780,0,0,0,0.0
"US, FL",2020-10-12,21477737,240226,11373751,0,11133525,780,780,32499,32896,0,0.0
"US, FL",2020-10-27,21477737,83205,3974124,0,3890919,260,260,22522,22799,0,0.0
"US, GA",2020-01-01,10617423,0,0,0,0,780,780,1730341,1720269,0,0.0
"US, GA",2020-01-16,10617423,0,0,0,0,780,780,1814492,1805063,0,0.0
"US, GA",2020-01-31,10617423,0,0,0,0,780,780,1920937,1913209,0,0.0
"US, GA",2020-02-15,10617423,0,0,0,0,780,780,1745511,1742913,0,0.0
"US, GA",2020-03-01,10617423,0,0,0,0,780,780,1258052,1262606,0,0.0
"US, GA",2020-03-16,10617423,0,0,0,0,780,780,708490,713825,0,0.0
"US, GA",2020-03-31,10617423,1423,40345,0,38922,780,780,208864,208186,7863,4.1825615110184575
"US, GA",2020-04-15,10617423,12305,310403,0,298098,780,780,17491,14250,59153,20.43606138800855
"US, GA",2020-04-30,10617423,20102,471238,0,451136,780,780,112933,107668,86633,19.757024648420263
"US, GA",2020-05-15,10617423,26686,618959,0,592273,780,780,247258,244127,108718,18.844041914536813
"US, GA",2020-05-30,10617423,33119,769420,0,736301,780,780,332073,332116,129367,18.031629964895398
"US, GA",2020-06-14,10617423,39685,986038,0,946353,780,780,409486,409252,149527,16.31342491826945
"US, GA",2020-06-29,10617423,43458,1483263,0,1439805,780,780,501285,496785,181949,13.249300819568571
"US, GA",2020-07-14,10617423,49359,2245224,0,2195865,780,780,634958,629783,235121,11.272119164895628
"US, GA",2020-07-29,10617423,60041,3036934,0,2976893,780,780,784008,783561,295907,10.455787542310278
"US, GA",2020-08-13,10617423,74100,3698094,0,3623994,780,780,674242,676851,342647,9.930924000697605
"US, GA",2020-08-28,10617423,88317,4177634,0,4089317,780,780,231632,232840,0,0.0
"US, GA",2020-09-12,10617423,98650,4557418,0,4458768,780,780,65,65,0,0.0
"US, GA",2020-09-27,10617423,107517,4842008,0,4734491,780,780,22,22,0,0.0
"US, GA",2020-10-12,10617423,114620,5127450,0,5012830,780,780,23351,23482,0,0.0
"US, GA",2020-10-27,10617423,39577,1784260,0,1744683,260,260,16208,16293,0,0.0
"US, IA",2020-01-01,3155070,0,0,0,0,555,555,83156,81147,0,0.0
"US, IA",2020-01-16,3155070,0,0,0,0,555,555,87401,87694,0,0.0
"US, IA",2020-01-31,3155070,0,0,0,0,555,555,93773,97376,0,0.0
"US, IA",2020-02-15,3155070,0,0,0,0,555,555,90548,91219,0,0.0
"US, IA",2020-03-01,3155070,0,0,0,0,555,555,74400,66711,0,0.0
"US, IA",2020-03-16,3155070,0,0,0,0,555,555,46052,36886,0,0.0
"US, IA",2020-03-31,3155070,131,5196,2156,5065,555,555,11473,8669,434,1.7868644980179613
"US, IA",2020-04-15,3155070,1422,60455,22456,59033,555,555,560,980,3059,6.323901578276919
"US, IA",2020-04-30,3155070,3480,161460,65106,92874,555,555,9518,9891,0,0.0
"US, IA",2020-05-15,3155070,6343,246882,131077,109462,555,555,19134,18983,0,0.0
"US, IA",2020-05-30,3155070,8944,320874,190426,121504,555,555,21911,21822,0,0.0
"US, IA",2020-06-14,3155070,10253,389140,241867,137020,555,555,24402,24680,0,0.0
"US, IA",2020-06-29,3155070,10956,480393,370266,99171,555,555,29335,29881,0,0.0
"US, IA",2020-07-14,3155070,12076,596150,427613,156461,555,555,35502,35551,0,0.0
"US, IA",2020-07-29,3155070,13533,704361,523260,167568,555,555,40855,39536,0,0.0
"US, IA",2020-08-13,3155070,15262,822801,634939,172600,555,555,33834,32059,0,0.0
"US, IA",2020-08-28,3155070,17306,1023836,733494,273036,555,555,11421,10751,0,0.0
"US, IA",2020-09-12,3155070,18992,1193001,863268,310741,555,555,0,0,0,0.0
"US, IA",2020-09-27,3155070,20888,1393999,1070212,302899,555,555,0,0,0,0.0
"US, IA",2020-10-12,3155070,23451,1629506,1243974,362081,555,555,1080,1021,0,0.0
"US, IA",2020-10-27,3155070,8506,616380,457058,150816,185,185,778,728,0,0.0
"US, IL",2020-01-01,12671821,0,0,0,0,780,795,1463289,1422877,0,0.0
"US, IL",2020-01-16,12671821,0,0,0,0,780,795,1524762,1507839,0,0.0
"US, IL",2020-01-31,12671821,0,0,0,0,780,795,1604057,1622319,0,0.0
"US, IL",2020-02-15,12671821,0,0,0,0,780,795,1487092,1493999,0,0.0
"US, IL",2020-03-01,12671821,0,0,0,0,780,795,1138001,1090641,0,0.0
"US, IL",2020-03-16,12671821,0,0,0,0,780,795,675460,616526,0,0.0
"US, IL",2020-03-31,12671821,2386,66125,0,63739,780,795,191932,172287,11643,3.7699688156137503
"US, IL",2020-04-15,12671821,23698,543719,0,520021,780,795,13047,15446,59525,12.817908319669883
"US, IL",2020-04-30,12671821,46343,1059991,0,1013648,780,795,126874,129940,0,0.0
"US, IL",2020-05-15,12671821,69818,1570988,0,1501170,780,795,289525,287887,0,0.0
"US, IL",2020-05-30,12671821,87348,1893546,0,1806198,780,795,403946,402934,0,0.0
"US, IL",2020-06-14,12671821,99472,2052611,0,1953139,780,795,488356,484741,0,0.0
"US, IL",2020-06-29,12671821,107199,2230822,0,2123623,780,795,560848,555779,0,0.0
"US, IL",2020-07-14,12671821,112847,2484289,0,2371442,780,795,657997,652010,0,0.0
"US, IL",2020-07-29,12671821,116556,2823589,0,2707033,780,795,761414,750542,0,0.0
"US, IL",2020-08-13,12671821,120561,3229920,0,3109359,780,795,634454,623258,0,0.0
"US, IL",2020-08-28,12671821,125122,3685431,0,3560309,780,795,215695,211754,0,0.0
"US, IL",2020-09-12,12671821,129978,4116457,0,3986479,780,795,30,28,0,0.0
"US, IL",2020-09-27,12671821,135562,4572596,0,4437034,780,795,0,0,0,0.0
"US, IL",2020-10-12,12671821,142851,5282777,0,5139926,780,795,21691,21281,0,0.0
"US, IL",2020-10-27,12671821,49706,2006838,0,1957132,260,265,15070,14790,0,0.0
"US, IN",2020-01-01,6732219,0,0,0,0,660,660,201840,190835,0,0.0
"US, IN",2020-01-16,6732219,0,0,0,0,660,660,211175,205989,0,0.0
"US, IN",2020-01-31,6732219,0,0,0,0,660,660,224087,227667,0,0.0
"US, IN",2020-02-15,6732219,0,0,0,0,660,660,211222,212375,0,0.0
"US, IN",2020-03-01,6732219,0,0,0,0,660,660,166378,154569,0,0.0
"US, IN",2020-03-16,6732219,0,0,0,0,660,660,99910,85257,0,0.0
"US, IN",2020-03-31,6732219,1460,24814,0,23734,660,660,25699,20459,0,0.0
"US, IN",2020-04-15,6732219,12513,192593,0,182418,660,660,2168,2624,4454,2.1077077614469393
"US, IN",2020-04-30,6732219,21373,333890,0,313373,660,660,25214,26543,26334,7.681899123099714
"US, IN",2020-05-15,6732219,28732,453426,0,424800,660,660,50145,51709,73003,17.237320626851876
"US, IN",2020-05-30,6732219,33453,553062,349601,169372,660,660,61028,64118,90240,17.47900267520522
"US, IN",2020-06-14,6732219,37046,635750,469512,128262,660,660,72862,75083,101136,17.04839139430146
"US, IN",2020-06-29,6732219,39466,726525,550873,135103,660,660,89531,88455,109354,16.141612459532006
"US, IN",2020-07-14,6732219,41708,871645,626489,202430,660,660,101927,98038,120262,14.80739164072746
"US, IN",2020-07-29,6732219,44109,1056608,757315,254209,660,660,104666,99979,136870,13.893396875060892
"US, IN",2020-08-13,6732219,47024,1256196,943086,265323,660,660,80426,76753,152275,12.999148822870874
"US, IN",2020-08-28,6732219,49570,1463807,1123501,290137,660,660,26508,25286,0,0.0
"US, IN",2020-09-12,6732219,52231,1656718,1299829,304408,660,660,0,0,0,0.0
"US, IN",2020-09-27,6732219,55785,1878589,1459294,364043,660,660,0,0,0,0.0
"US, IN",2020-10-12,6732219,61266,2245021,1633024,552399,660,660,2583,2456,0,0.0
"US, IN",2020-10-27,6732219,22120,863657,597504,244854,220,220,1820,1734,0,0.0
"US, KY",2020-01-01,4467673,0,0,0,0,720,735,89197,88174,0,0.0
"US, KY",2020-01-16,4467673,0,0,0,0,720,735,95684,94926,0,0.0
"US, KY",2020-01-31,4467673,0,0,0,0,720,735,104686,104229,0,0.0
"US, KY",2020-02-15,4467673,0,0,0,0,720,735,96862,95218,0,0.0
"US, KY",2020-03-01,4467673,0,0,0,0,720,735,69917,66085,0,0.0
"US, KY",2020-03-16,4467673,0,0,0,0,720,735,38541,34773,0,0.0
"US, KY",2020-03-31,4467673,316,6029,1700,5713,720,735,9683,8535,1799,6.3783166481934
"US, KY",2020-04-15,4467673,2657,50792,18381,48135,720,735,637,896,16269,34.7739681026246
"US, KY",2020-04-30,4467673,4287,89505,31403,53815,720,735,8333,9571,24144,29.041795897782965
"US, KY",2020-05-15,4467673,5659,126093,44370,76064,720,735,18317,20108,30549,25.99365657309293
"US, KY",2020-05-30,4467673,6979,165927,49826,109122,720,735,25112,27596,35230,22.852761457137127
"US, KY",2020-06-14,4467673,7931,206983,53522,145530,720,735,31185,33192,37791,19.61418150321737
"US, KY",2020-06-29,4467673,8944,259690,71671,179075,720,735,37252,37457,40578,16.821131929545725
"US, KY",2020-07-14,4467673,10146,361569,101807,249616,720,735,41986,40780,45033,13.414109282663972
"US, KY",2020-07-29,4467673,11336,491220,124954,354930,720,735,43950,42221,57113,12.464148251369801
"US, KY",2020-08-13,4467673,12765,624457,140085,471607,720,735,34306,32875,64655,11.11725133872332
"US, KY",2020-08-28,4467673,14652,768573,158188,595733,720,735,11340,10851,0,0.0
"US, KY",2020-09-12,4467673,16546,912975,168539,727890,720,735,0,0,0,0.0
"US, KY",2020-09-27,4467673,18097,1094786,187026,889663,720,735,0,0,0,0.0
"US, KY",2020-10-12,4467673,20054,1334861,253454,1061353,720,735,1078,1028,0,0.0
"US, KY",2020-10-27,4467673,7292,516897,91362,418243,240,245,764,736,0,0.0
"US, LA",0,0,0,0,0,0,0,0,0,0,0,0.0
"US, LA",0,0,0,0,0,0,0,0,0,0,0,0.0
"US, LA",0,0,0,0,0,0,0,0,0,0,0,0.0
"US, LA",0,0,0,0,0,0,0,0,0,0,0,0.0
"US, LA",0,0,0,0,0,0,0,0,0,0,0,0.0
"US, LA",0,0,0,0,0,0,0,0,0,0,0,0.0
"US, LA",0,0,0,0,0,0,0,0,0,0,0,0.0
"US, LA",0,0,0,0,0,0,0,0,0,0,0,0.0
"US, LA",0,0,0,0,0,0,0,0,0,0,0,0.0
"US, LA",0,0,0,0,0,0,0,0,0,0,0,0.0
"US, LA",0,0,0,0,0,0,0,0,0,0,0,0.0
"US, LA",0,0,0,0,0,0,0,0,0,0,0,0.0
"US, LA",0,0,43268,899666,579186,277212,598,585,76479,79586,0,0.0
"US, LA",2020-07-14,0,53835,1449946,849542,546569,690,675,105442,107553,0,0.0
"US, LA",2020-07-29,0,61663,1866338,1246815,557860,690,675,117808,115391,0,0.0
"US, LA",2020-08-13,0,69501,2109827,1703748,336578,690,675,95459,91084,0,0.0
"US, LA",2020-08-28,0,75587,2266889,2001934,189368,690,675,32059,30314,0,0.0
"US, LA",2020-09-12,0,80111,2407208,2179310,147787,690,675,3,3,0,0.0
"US, LA",2020-09-27,0,83448,2523368,2317426,122494,690,675,0,0,0,0.0
"US, LA",2020-10-12,0,86406,2642846,2439982,116458,690,675,3142,2974,0,0.0
"US, LA",2020-10-27,0,29508,908811,839818,39485,230,225,2209,2088,0,0.0
"US, MA",2020-01-01,6892503,0,0,0,0,690,660,550844,521848,0,0.0
"US, MA",2020-01-16,6892503,0,0,0,0,690,660,583514,574253,0,0.0
"US, MA",2020-01-31,6892503,0,0,0,0,690,660,628499,649625,0,0.0
"US, MA",2020-02-15,6892503,0,0,0,0,690,660,585774,598852,0,0.0
"US, MA",2020-03-01,6892503,0,0,0,0,690,660,440473,412966,0,0.0
"US, MA",2020-03-16,6892503,0,0,0,0,690,660,254773,218825,0,0.0
"US, MA",2020-03-31,6892503,2444,80506,0,78062,690,660,66331,55169,6915,1.8422396737986888
"US, MA",2020-04-15,6892503,32526,673477,0,640951,690,660,873,1607,65497,10.541988002811369
"US, MA",2020-04-30,6892503,67969,1096312,0,1028343,690,660,21602,23606,107006,10.447810318205537
"US, MA",2020-05-15,6892503,92806,1355212,0,1262406,690,660,63670,61313,135739,10.728914637202035
"US, MA",2020-05-30,6892503,108748,1534806,0,1426058,690,660,90313,83523,154618,10.792929234921104
"US, MA",2020-06-14,6892503,117692,1605675,0,1487983,690,660,118935,109256,166235,11.091835395332456
"US, MA",2020-06-29,6892503,123019,1653216,938710,591487,690,660,154563,144017,172221,11.161502018655364
"US, MA",2020-07-14,6892503,126799,1711496,1437241,147456,690,660,181547,172641,176145,11.027686357791158
"US, MA",2020-07-29,6892503,130114,1792333,1474190,188029,690,660,189751,184818,179775,10.752079828133061
"US, MA",2020-08-13,6892503,133366,1871248,1526191,211691,690,660,147135,145505,183353,10.504431646101597
"US, MA",2020-08-28,6892503,136477,1874936,1580637,157822,690,660,48704,48424,0,0.0
"US, MA",2020-09-12,6892503,139347,1905770,1639617,126806,690,660,2,2,0,0.0
"US, MA",2020-09-27,6892503,142643,2020956,1712633,165680,690,660,0,0,0,0.0
"US, MA",2020-10-12,6892503,146243,2175030,1798144,230643,690,660,4795,4770,0,0.0
"US, MA",2020-10-27,6892503,49729,778541,626874,101938,230,220,3356,3344,0,0.0
"US, MD",2020-01-01,6045680,0,0,0,0,690,720,423167,424114,0,0.0
"US, MD",2020-01-16,6045680,0,0,0,0,690,720,436042,438718,0,0.0
"US, MD",2020-01-31,6045680,0,0,0,0,690,720,450776,455211,0,0.0
"US, MD",2020-02-15,6045680,0,0,0,0,690,720,413645,410615,0,0.0
"US, MD",2020-03-01,6045680,0,0,0,0,690,720,315543,298162,0,0.0
"US, MD",2020-03-16,6045680,0,0,0,0,690,720,185649,167649,0,0.0
"US, MD",2020-03-31,6045680,800,26633,1666,25833,690,720,48912,44854,5957,4.7941760585189925
"US, MD",2020-04-15,6045680,10148,229362,15001,219214,690,720,650,1201,50022,23.491778834108292
"US, MD",2020-04-30,6045680,22331,438966,29852,386783,690,720,28543,29877,84059,20.636852574156823
"US, MD",2020-05-15,6045680,32894,661111,47032,581185,690,720,87389,87998,114411,18.58103252349802
"US, MD",2020-05-30,6045680,40822,854248,61783,751643,690,720,148159,150526,140696,17.65105777126208
"US, MD",2020-06-14,6045680,45898,964216,71197,847121,690,720,187674,190979,157586,17.51330715478055
"US, MD",2020-06-29,6045680,48816,1052709,76141,927752,690,720,202378,204566,166737,16.974790452550806
"US, MD",2020-07-14,6045680,50924,1194854,80656,1063274,690,720,219286,219874,179352,16.09796771536833
"US, MD",2020-07-29,6045680,53154,1384251,86766,1244331,690,720,239537,238664,193769,15.006594051902908
"US, MD",2020-08-13,6045680,55037,1534556,90418,1389101,690,720,194137,192807,206958,14.4526667950251
"US, MD",2020-08-28,6045680,56748,1661248,102574,1501926,690,720,65291,64777,0,0.0
"US, MD",2020-09-12,6045680,58133,1790811,110101,1622577,690,720,4,4,0,0.0
"US, MD",2020-09-27,6045680,59446,1908555,114285,1734824,690,720,0,0,0,0.0
"US, MD",2020-10-12,6045680,60753,2043197,118777,1863667,690,720,6454,6403,0,0.0
"US, MD",2020-10-27,6045680,20634,717148,40705,655809,230,240,4518,4487,0,0.0
"US, MI",2020-01-01,9986857,0,0,0,0,720,735,663135,657320,0,0.0
"US, MI",2020-01-16,9986857,0,0,0,0,720,735,701309,714470,0,0.0
"US, MI",2020-01-31,9986857,0,0,0,0,720,735,755089,794418,0,0.0
"US, MI",2020-02-15,9986857,0,0,0,0,720,735,713790,728260,0,0.0
"US, MI",2020-03-01,9986857,0,0,0,0,720,735,556944,502391,0,0.0
"US, MI",2020-03-16,9986857,0,0,0,0,720,735,337168,268508,0,0.0
"US, MI",2020-03-31,9986857,4849,76880,1332,72031,720,735,98953,79054,11532,3.216251738406893
"US, MI",2020-04-15,9986857,41876,512399,66067,470523,720,735,7564,12059,43420,9.510907887179346
"US, MI",2020-04-30,9986857,64895,684037,262413,356729,720,735,50101,52451,0,0.0
"US, MI",2020-05-15,9986857,76946,803728,452500,274282,720,735,111567,105273,0,0.0
"US, MI",2020-05-30,9986857,86642,930640,605944,238054,720,735,145515,138697,0,0.0
"US, MI",2020-06-14,9986857,91306,1016708,717012,208390,720,735,178386,173152,0,0.0
"US, MI",2020-06-29,9986857,93653,1104225,786983,223589,720,735,221323,217827,0,0.0
"US, MI",2020-07-14,9986857,95653,1246516,829270,321593,720,735,276242,275753,0,0.0
"US, MI",2020-07-29,9986857,97312,1409112,910840,400960,720,735,330127,333837,0,0.0
"US, MI",2020-08-13,9986857,99442,1573097,1037198,436457,720,735,278692,283648,0,0.0
"US, MI",2020-08-28,9986857,101975,1742304,1170383,469946,720,735,95057,96967,0,0.0
"US, MI",2020-09-12,9986857,104546,1922882,1325154,493182,720,735,7,8,0,0.0
"US, MI",2020-09-27,9986857,107010,2131369,1475495,548864,720,735,0,0,0,0.0
"US, MI",2020-10-12,9986857,110755,2468035,1632945,724335,720,735,9483,9680,0,0.0
"US, MI",2020-10-27,9986857,38208,949115,580849,330058,240,245,6618,6755,0,0.0
"US, MN",2020-01-01,5639632,0,0,0,0,750,750,603066,616075,0,0.0
"US, MN",2020-01-16,5639632,0,0,0,0,750,750,631129,648272,0,0.0
"US, MN",2020-01-31,5639632,0,0,0,0,750,750,670443,690310,0,0.0
"US, MN",2020-02-15,5639632,0,0,0,0,750,750,634385,632081,0,0.0
"US, MN",2020-03-01,5639632,0,0,0,0,750,750,507548,461074,0,0.0
"US, MN",2020-03-16,5639632,0,0,0,0,750,750,315132,261024,0,0.0
"US, MN",2020-03-31,5639632,219,4937,2593,4718,750,750,89387,72881,1127,4.8881580334313
"US, MN",2020-04-15,5639632,2865,43823,21432,40958,750,750,3762,4544,10281,25.550412843819323
"US, MN",2020-04-30,5639632,7585,139584,72064,59935,750,750,35130,34633,22082,17.520777352262833
"US, MN",2020-05-15,5639632,12546,285788,196119,77123,750,750,84262,78463,36702,13.827817101951064
"US, MN",2020-05-30,5639632,17590,409165,334220,57355,750,750,105728,101333,49710,13.02794966465463
"US, MN",2020-06-14,5639632,21022,492215,428495,42698,750,750,132710,130978,57109,12.439632421969735
"US, MN",2020-06-29,5639632,22665,584319,512861,48793,750,750,179489,179283,63292,11.620921616416592
"US, MN",2020-07-14,5639632,23837,714208,621231,69140,750,750,241245,242108,70905,10.651742711893748
"US, MN",2020-07-29,5639632,25066,868220,764320,78834,750,750,302892,304534,80728,9.970123478189251
"US, MN",2020-08-13,5639632,26783,1013230,908957,77490,750,750,261398,263023,90384,9.562149939656038
"US, MN",2020-08-28,5639632,28438,1179212,1062449,88325,750,750,89757,90347,0,0.0
"US, MN",2020-09-12,5639632,30126,1334603,1214618,89859,750,750,6,6,0,0.0
"US, MN",2020-09-27,5639632,31903,1557652,1397658,128091,750,750,0,0,0,0.0
"US, MN",2020-10-12,5639632,34543,1860232,1651596,174093,750,750,8914,8984,0,0.0
"US, MN",2020-10-27,5639632,12335,713228,622422,78471,250,250,6224,6272,0,0.0
"US, MO",2020-01-01,6137428,0,0,0,0,690,750,469489,463029,0,0.0
"US, MO",2020-01-16,6137428,0,0,0,0,690,750,492280,489314,0,0.0
"US, MO",2020-01-31,6137428,0,0,0,0,690,750,522392,523624,0,0.0
"US, MO",2020-02-15,6137428,0,0,0,0,690,750,483547,476558,0,0.0
"US, MO",2020-03-01,6137428,0,0,0,0,690,750,364490,339382,0,0.0
"US, MO",2020-03-16,6137428,0,0,0,0,690,750,211989,186432,0,0.0
"US, MO",2020-03-31,6137428,399,13735,0,13140,690,750,56951,50048,3017,4.782890520751464
"US, MO",2020-04-15,6137428,3679,95881,0,90992,690,750,1518,3582,11704,14.052636341376116
"US, MO",2020-04-30,6137428,6825,142028,0,134187,690,750,34635,38404,0,0.0
"US, MO",2020-05-15,6137428,9963,178845,0,168693,690,750,90453,91752,0,0.0
"US, MO",2020-05-30,6137428,12401,221549,0,209318,690,750,138248,138431,0,0.0
"US, MO",2020-06-14,6137428,14474,278719,0,261858,690,750,172588,173979,0,0.0
"US, MO",2020-06-29,6137428,16011,377844,0,352178,690,750,194956,199219,0,0.0
"US, MO",2020-07-14,6137428,17630,558379,0,526043,690,750,221610,224483,0,0.0
"US, MO",2020-07-29,6137428,19754,845319,0,811027,690,750,249682,245747,0,0.0
"US, MO",2020-08-13,6137428,21752,1104026,0,1064203,690,750,205208,198356,0,0.0
"US, MO",2020-08-28,6137428,24671,1393091,0,1342224,690,750,69347,66615,0,0.0
"US, MO",2020-09-12,6137428,28029,1731050,0,1661313,690,750,6,6,0,0.0
"US, MO",2020-09-27,6137428,33283,2070196,0,1976888,690,750,0,0,0,0.0
"US, MO",2020-10-12,6137428,39421,2480361,0,2360875,690,750,6869,6590,0,0.0
"US, MO",2020-10-27,6137428,14703,933525,0,884670,230,250,4809,4617,0,0.0
"US, NC",2020-01-01,10488084,0,0,0,0,675,720,1221101,1209906,0,0.0
"US, NC",2020-01-16,10488084,0,0,0,0,675,720,1265972,1257341,0,0.0
"US, NC",2020-01-31,10488084,0,0,0,0,675,720,1318836,1313825,0,0.0
"US, NC",2020-02-15,10488084,0,0,0,0,675,720,1198595,1190594,0,0.0
"US, NC",2020-03-01,10488084,0,0,0,0,675,720,883427,867212,0,0.0
"US, NC",2020-03-16,10488084,0,0,0,0,675,720,507078,491915,0,0.0
"US, NC",2020-03-31,10488084,295,14569,0,14274,675,720,148295,143999,1062,1.5588704366611308
"US, NC",2020-04-15,10488084,3861,114608,0,110747,675,720,34214,34966,5742,5.767450726041427
"US, NC",2020-04-30,10488084,7695,203894,36460,159739,675,720,174608,173392,0,0.0
"US, NC",2020-05-15,10488084,11436,327969,183574,132959,675,720,324797,322512,0,0.0
"US, NC",2020-05-30,10488084,15408,519246,303846,199992,675,720,413643,413622,0,0.0
"US, NC",2020-06-14,10488084,18738,789182,486633,283811,675,720,470489,472697,0,0.0
"US, NC",2020-06-29,10488084,21686,1126740,773116,331938,675,720,514915,517664,0,0.0
"US, NC",2020-07-14,10488084,25675,1551560,1138297,387588,675,720,592261,594390,0,0.0
"US, NC",2020-07-29,10488084,31292,1949108,1536192,381624,675,720,688597,689484,0,0.0
"US, NC",2020-08-13,10488084,36817,2256635,1908639,311179,675,720,576957,576963,0,0.0
"US, NC",2020-08-28,10488084,42447,2599280,2214338,342495,675,720,196511,196428,0,0.0
"US, NC",2020-09-12,10488084,48338,2890688,2542635,299715,675,720,27,28,0,0.0
"US, NC",2020-09-27,10488084,54366,3275339,2815884,405089,675,720,0,0,0,0.0
"US, NC",2020-10-12,10488084,59722,3709297,3206695,442880,675,720,19773,19754,0,0.0
"US, NC",2020-10-27,10488084,21449,1345505,1158055,166001,225,240,13738,13730,0,0.0
"US, NE",0,0,0,0,0,0,0,0,0,0,0,0.0
"US, NE",0,0,0,0,0,0,0,0,0,0,0,0.0
"US, NE",0,0,0,0,0,0,0,0,0,0,0,0.0
"US, NE",0,0,0,0,0,0,0,0,0,0,0,0.0
"US, NE",0,0,0,0,0,0,0,0,0,0,0,0.0
"US, NE",0,0,0,0,0,0,0,0,0,0,0,0.0
"US, NE",0,0,0,0,0,0,0,0,0,0,0,0.0
"US, NE",0,0,0,0,0,0,0,0,0,0,0,0.0
"US, NE",0,0,1223,101612,0,100389,574,588,7450,8392,0,0.0
"US, NE",2020-05-15,0,2096,174656,0,172560,615,630,18207,18526,0,0.0
"US, NE",2020-05-30,0,2808,230872,91255,136809,615,630,25104,24745,10492,4.735862670036549
"US, NE",2020-06-14,0,3693,267198,171603,91902,615,630,30726,30481,17960,7.193409685498986
"US, NE",2020-06-29,0,4228,302038,218622,79188,615,630,36381,37191,20626,7.319450499423328
"US, NE",2020-07-14,0,4615,349839,258216,87008,615,630,42592,43444,22574,6.918339304515208
"US, NE",2020-07-29,0,5078,411687,298475,108134,615,630,48071,47533,25126,6.540829719361029
"US, NE",2020-08-13,0,5591,469555,346522,117442,615,630,39403,38151,28390,6.496448551837568
"US, NE",2020-08-28,0,6086,532497,402575,123836,615,630,13256,12725,0,0.0
"US, NE",2020-09-12,0,6723,610467,456185,147559,615,630,0,0,0,0.0
"US, NE",2020-09-27,0,7465,718420,514788,196167,615,630,0,0,0,0.0
"US, NE",2020-10-12,0,8423,882231,584274,289534,615,630,1254,1195,0,0.0
"US, NE",2020-10-27,0,3183,340448,215196,122069,205,210,903,863,0,0.0
"US, NH",2020-01-01,1359711,0,0,0,0,480,555,24620,26294,0,0.0
"US, NH",2020-01-16,1359711,0,0,0,0,480,555,26950,29021,0,0.0
"US, NH",2020-01-31,1359711,0,0,0,0,480,555,30574,32955,0,0.0
"US, NH",2020-02-15,1359711,0,0,0,0,480,555,29525,29966,0,0.0
"US, NH",2020-03-01,1359711,0,0,0,0,480,555,22895,19668,0,0.0
"US, NH",2020-03-16,1359711,0,0,0,0,480,555,13707,9831,0,0.0
"US, NH",2020-03-31,1359711,71,2836,724,2765,480,555,3903,2689,450,3.4023711265155927
"US, NH",2020-04-15,1359711,706,23879,8750,23173,480,555,394,539,3174,14.45049584904305
"US, NH",2020-04-30,1359711,1668,42320,16831,23821,480,555,2979,2586,4453,11.363211332964623
"US, NH",2020-05-15,1359711,2965,59628,27729,28934,480,555,6350,5171,5867,10.535989084631035
"US, NH",2020-05-30,1359711,4183,74358,49075,21100,480,555,8858,7399,7156,10.313096876386483
"US, NH",2020-06-14,1359711,5127,82961,63153,14681,480,555,10527,9254,8147,10.519863472752581
"US, NH",2020-06-29,1359711,5724,88700,70259,12717,480,555,11596,10833,8608,10.3981037266749
"US, NH",2020-07-14,1359711,6018,94190,79450,8722,480,555,13001,12740,10071,11.455137891245512
"US, NH",2020-07-29,1359711,6261,100722,88650,5811,480,555,14511,14602,10465,11.134216552888942
"US, NH",2020-08-13,1359711,6397,105878,95466,4015,480,555,11886,12084,10649,10.777148671845591
"US, NH",2020-08-28,1359711,6488,110840,100691,3661,480,555,3966,4054,0,0.0
"US, NH",2020-09-12,1359711,6564,118301,107343,4394,480,555,0,0,0,0.0
"US, NH",2020-09-27,1359711,6668,129162,115241,7253,480,555,0,0,0,0.0
"US, NH",2020-10-12,1359711,6997,146586,125953,13636,480,555,361,374,0,0.0
"US, NH",2020-10-27,1359711,2400,53907,45747,5760,160,185,262,269,0,0.0
"US, NJ",2020-01-01,8882190,0,0,0,0,705,705,631292,643538,0,0.0
"US, NJ",2020-01-16,8882190,0,0,0,0,705,705,659445,673775,0,0.0
"US, NJ",2020-01-31,8882190,0,0,0,0,705,705,694630,710435,0,0.0
"US, NJ",2020-02-15,8882190,0,0,0,0,705,705,632634,636152,0,0.0
"US, NJ",2020-03-01,8882190,0,0,0,0,705,705,461117,441770,0,0.0
"US, NJ",2020-03-16,8882190,0,0,0,0,705,705,258127,234223,0,0.0
"US, NJ",2020-03-31,8882190,7598,195258,0,187660,705,705,63772,55616,23570,2.5881992624880144
"US, NJ",2020-04-15,8882190,75563,1426724,31284,1351161,705,705,1575,776,95296,7.624809136295633
"US, NJ",2020-04-30,8882190,129752,1993240,234630,1628042,705,705,15703,16322,0,0.0
"US, NJ",2020-05-15,8882190,163218,2282244,359584,1756119,705,705,50893,51262,66708,3.0327891888266003
"US, NJ",2020-05-30,8882190,181454,2458020,413191,1857086,705,705,76023,76581,268025,11.710658846894514
"US, NJ",2020-06-14,8882190,201412,2546311,440769,1893387,705,705,98240,97413,289787,12.244171603119582
"US, NJ",2020-06-29,8882190,229155,2620371,460590,1912860,705,705,126886,122948,304450,12.533012611795371
"US, NJ",2020-07-14,8882190,235816,2692961,476110,1953340,705,705,173455,168278,316290,12.71464200302747
"US, NJ",2020-07-29,8882190,237731,2787156,491478,2020719,705,705,229846,226310,325871,12.696454448289709
"US, NJ",2020-08-13,8882190,238881,2876164,502166,2088743,705,705,204220,202623,335111,12.688161677078151
"US, NJ",2020-08-28,8882190,239614,2956356,511062,2149624,705,705,70775,70389,0,0.0
"US, NJ",2020-09-12,8882190,240956,3057187,518664,2229683,705,705,8,9,0,0.0
"US, NJ",2020-09-27,8882190,242101,3209916,525484,2355775,705,705,0,0,0,0.0
"US, NJ",2020-10-12,8882190,243442,3443736,539651,2537222,705,705,7066,7023,0,0.0
"US, NJ",2020-10-27,8882190,81651,1230294,184333,907300,235,235,4927,4900,0,0.0
"US, NM",2020-01-01,2096829,0,0,0,0,570,555,88095,91416,0,0.0
"US, NM",2020-01-16,2096829,0,0,0,0,570,555,93744,95905,0,0.0
"US, NM",2020-01-31,2096829,0,0,0,0,570,555,101511,101628,0,0.0
"US, NM",2020-02-15,2096829,0,0,0,0,570,555,94152,92524,0,0.0
"US, NM",2020-03-01,2096829,0,0,0,0,570,555,69446,66922,0,0.0
"US, NM",2020-03-16,2096829,0,0,0,0,570,555,39545,37530,0,0.0
"US, NM",2020-03-31,2096829,83,3852,834,3769,570,555,10642,10226,339,1.8615323947522069
"US, NM",2020-04-15,2096829,1081,33658,7820,32577,570,555,336,398,4966,15.607115952210078
"US, NM",2020-04-30,2096829,2674,66921,15918,48329,570,555,5019,5338,10659,17.008032857320693
"US, NM",2020-05-15,2096829,4474,98982,31823,62685,570,555,13799,14084,16513,17.79051196778371
"US, NM",2020-05-30,2096829,5854,129973,49042,75077,570,555,21352,21848,22001,18.13877215905418
"US, NM",2020-06-14,2096829,7011,159524,69280,83233,570,555,25332,26078,26115,17.56509925957582
"US, NM",2020-06-29,2096829,7799,203163,87432,107932,570,555,26135,27049,30359,16.039939671580356
"US, NM",2020-07-14,2096829,8795,263977,102966,152216,570,555,28597,29296,36191,14.718960683024344
"US, NM",2020-07-29,2096829,9982,323043,130168,182893,570,555,32939,33084,41399,13.735138086459212
"US, NM",2020-08-13,2096829,10976,359229,164725,183528,570,555,27605,27413,44951,13.4102497218531
"US, NM",2020-08-28,2096829,11911,387381,199109,176361,570,555,9350,9244,0,0.0
"US, NM",2020-09-12,2096829,12658,412731,226759,173314,570,555,0,0,0,0.0
"US, NM",2020-09-27,2096829,13349,459508,258217,187942,570,555,0,0,0,0.0
"US, NM",2020-10-12,2096829,14115,564171,297692,252364,570,555,886,876,0,0.0
"US, NM",2020-10-27,2096829,4990,224298,106077,113231,190,185,634,619,0,0.0
"US, NV",2020-01-01,3080156,0,0,0,0,690,690,939351,961532,0,0.0
"US, NV",2020-01-16,3080156,0,0,0,0,690,690,984310,993479,0,0.0
"US, NV",2020-01-31,3080156,0,0,0,0,690,690,1037079,1028670,0,0.0
"US, NV",2020-02-15,3080156,0,0,0,0,690,690,915296,926252,0,0.0
"US, NV",2020-03-01,3080156,0,0,0,0,690,690,610589,671293,0,0.0
"US, NV",2020-03-16,3080156,0,0,0,0,690,690,312254,375893,0,0.0
"US, NV",2020-03-31,3080156,352,8960,0,8608,690,690,82528,97942,282,0.7102558936428572
"US, NV",2020-04-15,3080156,2671,61485,100,58814,690,690,3887,1926,0,0.0
"US, NV",2020-04-30,3080156,4337,87704,2899,80468,690,690,51229,49585,0,0.0
"US, NV",2020-05-15,3080156,5671,113159,5205,102283,690,690,139016,140156,0,0.0
"US, NV",2020-05-30,3080156,6559,143507,7785,129163,690,690,227178,218442,0,0.0
"US, NV",2020-06-14,3080156,7255,201144,9851,184038,690,690,300621,284556,0,0.0
"US, NV",2020-06-29,3080156,8205,344738,11079,325454,690,690,360455,345068,0,0.0
"US, NV",2020-07-14,3080156,10209,562667,13674,538784,690,690,431264,422676,0,0.0
"US, NV",2020-07-29,3080156,13340,788482,18342,756800,690,690,501636,504050,0,0.0
"US, NV",2020-08-13,3080156,17231,952942,23288,912423,690,690,418344,425880,0,0.0
"US, NV",2020-08-28,3080156,20426,1059282,27504,1011352,690,690,142230,145394,0,0.0
"US, NV",2020-09-12,3080156,22774,1132219,30133,1079312,690,690,19,19,0,0.0
"US, NV",2020-09-27,3080156,24332,1231192,33202,1173658,690,690,0,0,0,0.0
"US, NV",2020-10-12,3080156,25736,1364681,34907,1304054,690,690,14281,14594,0,0.0
"US, NV",2020-10-27,3080156,8845,493484,12016,472643,230,230,9925,10149,0,0.0
"US, NY",2020-01-01,19453561,0,0,0,0,765,765,1259486,1260849,0,0.0
"US, NY",2020-01-16,19453561,0,0,0,0,765,765,1331010,1337923,0,0.0
"US, NY",2020-01-31,19453561,0,0,0,0,765,765,1424208,1438646,0,0.0
"US, NY",2020-02-15,19453561,0,0,0,0,765,765,1293886,1299877,0,0.0
"US, NY",2020-03-01,19453561,0,0,0,0,765,765,916695,900366,0,0.0
"US, NY",2020-03-16,19453561,0,0,0,0,765,765,498008,475786,0,0.0
"US, NY",2020-03-31,19453561,30285,587802,71661,557517,765,765,124048,114983,131507,4.79351602367065
"US, NY",2020-04-15,19453561,292396,3925013,415399,3632617,765,765,1688,1038,845633,23.148119661679857
"US, NY",2020-04-30,19453561,387308,4891846,863049,3641489,765,765,35791,35533,1062395,23.270227750550283
"US, NY",2020-05-15,19453561,432650,5365387,945020,3987717,765,765,117833,118777,1161904,23.198519302068128
"US, NY",2020-05-30,19453561,454012,5649693,1007678,4188003,765,765,179341,178568,1348499,25.575855079244157
"US, NY",2020-06-14,19453561,466799,5817845,1042437,4308609,765,765,210433,206217,1349925,24.861892195953896
"US, NY",2020-06-29,19453561,482457,5965116,1065500,4417159,765,765,214729,208890,1349925,24.24843080181891
"US, NY",2020-07-14,19453561,488027,6123317,1084398,4550892,765,765,239198,232255,1349925,23.621626348473807
"US, NY",2020-07-29,19453561,491055,6273516,1100956,4681505,765,765,286764,279055,1349925,23.055851502505412
"US, NY",2020-08-13,19453561,493004,6417312,1116072,4808236,765,765,245827,239578,1349925,22.539070966435336
"US, NY",2020-08-28,19453561,494725,6593573,1129519,4942315,765,765,84285,82165,0,0.0
"US, NY",2020-09-12,19453561,497003,6772905,1141452,5096694,765,765,19,7,0,0.0
"US, NY",2020-09-27,19453561,500754,7014033,1155937,5313878,765,765,6,0,0,0.0
"US, NY",2020-10-12,19453561,503546,7340423,1176414,5608867,765,765,8409,8193,0,0.0
"US, NY",2020-10-27,19453561,168489,2535836,397435,1950709,255,255,5865,5726,0,0.0
"US, OH",2020-01-01,11689100,0,0,0,0,750,735,483877,472161,0,0.0
"US, OH",2020-01-16,11689100,0,0,0,0,750,735,508917,508049,0,0.0
"US, OH",2020-01-31,11689100,0,0,0,0,750,735,543517,557696,0,0.0
"US, OH",2020-02-15,11689100,0,0,0,0,750,735,511510,512157,0,0.0
"US, OH",2020-03-01,11689100,0,0,0,0,750,735,398223,360746,0,0.0
"US, OH",2020-03-16,11689100,0,0,0,0,750,735,237196,193366,0,0.0
"US, OH",2020-03-31,11689100,1188,20864,0,20013,750,735,61493,47836,6137,6.302806151786994
"US, OH",2020-04-15,11689100,11124,199719,0,190660,750,735,4001,5559,42689,23.615100565510676
"US, OH",2020-04-30,11689100,20230,334068,0,315552,750,735,41157,46067,61762,19.875045036575028
"US, OH",2020-05-15,11689100,28057,460876,0,433006,750,735,95754,99385,80030,18.626407979209905
"US, OH",2020-05-30,11689100,33663,570152,0,534788,750,735,129036,134579,96547,18.14682505154345
"US, OH",2020-06-14,11689100,37130,677554,0,637148,750,735,158349,164084,109110,17.285102556679565
"US, OH",2020-06-29,11689100,40044,875042,502639,328165,750,735,190236,192630,124693,15.318966981621335
"US, OH",2020-07-14,11689100,43983,1161928,801136,312601,750,735,221592,218873,146399,13.533290029266066
"US, OH",2020-07-29,11689100,49322,1444938,1091263,299851,750,735,243343,235004,168304,12.4891231829275
"US, OH",2020-08-13,11689100,54459,1680371,1371029,250609,750,735,195931,186865,188801,12.042185852318328
"US, OH",2020-08-28,11689100,59520,1918836,1599955,255396,750,735,65773,62486,0,0.0
"US, OH",2020-09-12,11689100,63680,2148912,1824709,255348,750,735,7,7,0,0.0
"US, OH",2020-09-27,11689100,67650,2389058,2052948,262643,750,735,0,0,0,0.0
"US, OH",2020-10-12,11689100,73011,2766114,2274888,414664,750,735,6551,6231,0,0.0
"US, OH",2020-10-27,11689100,26057,1045503,826397,192744,250,245,4566,4336,0,0.0
"US, OR",2020-01-01,4217737,0,0,0,0,600,585,371160,369233,0,0.0
"US, OR",2020-01-16,4217737,0,0,0,0,600,585,387765,387421,0,0.0
"US, OR",2020-01-31,4217737,0,0,0,0,600,585,408856,409784,0,0.0
"US, OR",2020-02-15,4217737,0,0,0,0,600,585,373615,367428,0,0.0
"US, OR",2020-03-01,4217737,0,0,0,0,600,585,275778,255461,0,0.0
"US, OR",2020-03-16,4217737,0,0,0,0,600,585,159134,137899,0,0.0
"US, OR",2020-03-31,4217737,160,4744,0,4584,600,585,45778,39279,1109,5.009778376103894
"US, OR",2020-04-15,4217737,1209,31011,0,29802,600,585,5758,6333,7362,25.46216998365896
"US, OR",2020-04-30,4217737,1792,44902,13267,29843,600,585,27407,27574,9578,22.970722415498418
"US, OR",2020-05-15,4217737,2166,57657,22898,32593,600,585,60414,59010,10986,20.42600401912279
"US, OR",2020-05-30,4217737,2439,70701,33701,34561,600,585,85421,84626,12383,18.83797675274416
"US, OR",2020-06-14,4217737,2851,103217,38173,62193,600,585,106361,105302,14398,15.07681478148549
"US, OR",2020-06-29,4217737,3289,156080,42878,109913,600,585,127760,125146,16751,11.586933085331472
"US, OR",2020-07-14,4217737,4031,226479,50758,171690,600,585,152926,151089,20964,9.945199673596644
"US, OR",2020-07-29,4217737,5097,299726,60276,234353,600,585,176989,178986,25518,9.131615907148447
"US, OR",2020-08-13,4217737,6114,362301,67929,288258,600,585,147118,150826,29395,8.69556708886802
"US, OR",2020-08-28,4217737,7114,412825,76659,329052,600,585,49916,51402,0,0.0
"US, OR",2020-09-12,4217737,7878,459715,80983,370854,600,585,4,4,0,0.0
"US, OR",2020-09-27,4217737,8595,522763,86264,427904,600,585,0,0,0,0.0
"US, OR",2020-10-12,4217737,9419,598154,88050,500685,600,585,4962,5106,0,0.0
"US, OR",2020-10-27,4217737,3372,219138,29350,186416,200,195,3463,3568,0,0.0
"US, PA",2020-01-01,12801989,0,0,0,0,750,705,675989,678806,0,0.0
"US, PA",2020-01-16,12801989,0,0,0,0,750,705,712095,721920,0,0.0
"US, PA",2020-01-31,12801989,0,0,0,0,750,705,761055,779212,0,0.0
"US, PA",2020-02-15,12801989,0,0,0,0,750,705,708486,708461,0,0.0
"US, PA",2020-03-01,12801989,0,0,0,0,750,705,536593,497092,0,0.0
"US, PA",2020-03-16,12801989,0,0,0,0,750,705,313403,268577,0,0.0
"US, PA",2020-03-31,12801989,1837,72695,0,70858,750,705,85203,72782,6657,1.9624493262015363
"US, PA",2020-04-15,12801989,22879,552076,0,529197,750,705,5477,8414,34745,7.124218021206505
"US, PA",2020-04-30,12801989,50904,839550,0,788646,750,705,61247,66298,0,0.0
"US, PA",2020-05-15,12801989,73848,1046626,334926,637852,750,705,130923,132127,0,0.0
"US, PA",2020-05-30,12801989,88187,1189838,784387,317264,750,705,169286,170621,0,0.0
"US, PA",2020-06-14,12801989,96408,1294245,941756,256081,750,705,203913,205651,0,0.0
"US, PA",2020-06-29,12801989,101700,1430797,1055985,273112,750,705,247052,247959,0,0.0
"US, PA",2020-07-14,12801989,105811,1612172,1164874,341487,750,705,303374,300893,0,0.0
"US, PA",2020-07-29,12801989,108976,1806505,1322915,374614,750,705,359466,351347,0,0.0
"US, PA",2020-08-13,12801989,112711,1974140,1515342,346087,750,705,302473,293282,0,0.0
"US, PA",2020-08-28,12801989,115938,2132659,1683521,333200,750,705,103095,99712,0,0.0
"US, PA",2020-09-12,12801989,119196,2312198,1833756,359246,750,705,21,15,0,0.0
"US, PA",2020-09-27,12801989,122977,2525970,1999285,403708,750,705,6,1,0,0.0
"US, PA",2020-10-12,12801989,127514,2833549,2186082,519953,750,705,10301,9959,0,0.0
"US, PA",2020-10-27,12801989,43707,1040836,777827,219302,250,235,7187,6940,0,0.0
"US, RI",2020-01-01,1059361,0,0,0,0,525,555,63327,64822,0,0.0
"US, RI",2020-01-16,1059361,0,0,0,0,525,555,67081,69460,0,0.0
"US, RI",2020-01-31,1059361,0,0,0,0,525,555,72417,75798,0,0.0
"US, RI",2020-02-15,1059361,0,0,0,0,525,555,68509,68819,0,0.0
"US, RI",2020-03-01,1059361,0,0,0,0,525,555,53334,47362,0,0.0
"US, RI",2020-03-16,1059361,0,0,0,0,525,555,31768,24783,0,0.0
"US, RI",2020-03-31,1059361,299,8581,305,8375,525,555,8075,5931,863,2.1531399405832214
"US, RI",2020-04-15,1059361,3464,87990,4775,85356,525,555,202,347,7757,9.395972891604881
"US, RI",2020-04-30,1059361,7416,156626,10447,140521,525,555,4261,4002,17174,11.720349839122415
"US, RI",2020-05-15,1059361,10907,203510,16103,178757,525,555,10863,9518,22877,12.04282081726215
"US, RI",2020-05-30,1059361,13073,231562,20188,199771,525,555,15577,13906,26691,12.348162626647861
"US, RI",2020-06-14,1059361,14144,245918,23001,209503,525,555,18315,16688,29007,12.636620070620708
"US, RI",2020-06-29,1059361,14844,256359,24958,216924,525,555,19660,18191,30431,12.718658237194445
"US, RI",2020-07-14,1059361,15227,270330,26150,229246,525,555,21736,20845,31777,12.594786614158897
"US, RI",2020-07-29,1059361,15492,291874,27867,248834,525,555,24405,24382,33807,12.410740094624872
"US, RI",2020-08-13,1059361,15888,312958,30168,267357,525,555,20126,20512,36237,12.406058933848586
"US, RI",2020-08-28,1059361,16269,333148,32090,285237,525,555,6775,6937,0,0.0
"US, RI",2020-09-12,1059361,16646,354722,33705,304674,525,555,0,0,0,0.0
"US, RI",2020-09-27,1059361,17017,379769,35424,327541,525,555,0,0,0,0.0
"US, RI",2020-10-12,1059361,17684,428020,38105,372514,525,555,634,642,0,0.0
"US, RI",2020-10-27,1059361,6042,161449,13668,141804,175,185,456,461,0,0.0
"US, TN",2020-01-01,6829174,0,0,0,0,780,765,452457,440979,0,0.0
"US, TN",2020-01-16,6829174,0,0,0,0,780,765,475919,468234,0,0.0
"US, TN",2020-01-31,6829174,0,0,0,0,780,765,507014,505311,0,0.0
"US, TN",2020-02-15,6829174,0,0,0,0,780,765,466444,465598,0,0.0
"US, TN",2020-03-01,6829174,0,0,0,0,780,765,344054,338828,0,0.0
"US, TN",2020-03-16,6829174,0,0,0,0,780,765,195250,189368,0,0.0
"US, TN",2020-03-31,6829174,339,16945,5144,16606,780,765,51234,49565,1779,2.2484425853552357
"US, TN",2020-04-15,6829174,2422,120336,58330,117914,780,765,3906,4860,11767,10.644583259010286
"US, TN",2020-04-30,6829174,3548,212677,103789,105340,780,765,42649,44876,18645,9.417934474226387
"US, TN",2020-05-15,6829174,4838,291125,181368,104919,780,765,99623,101809,23416,8.643194178343014
"US, TN",2020-05-30,6829174,6177,389914,258446,125291,780,765,145608,146934,28518,7.857985650057599
"US, TN",2020-06-14,6829174,7961,528460,348014,172485,780,765,174732,177283,34603,7.031960405175764
"US, TN",2020-06-29,6829174,10003,795095,473888,311204,780,765,194656,195165,44141,5.993727810607703
"US, TN",2020-07-14,6829174,13219,1238104,721372,503513,780,765,221820,219055,57754,5.020848336540648
"US, TN",2020-07-29,6829174,17229,1718289,1122554,578506,780,765,247545,245987,75126,4.68599299348368
"US, TN",2020-08-13,6829174,22317,2085330,1502412,560601,780,765,202133,202117,92297,4.740659536693646
"US, TN",2020-08-28,6829174,27593,2407499,2021023,358883,780,765,68246,68297,0,0.0
"US, TN",2020-09-12,6829174,33120,2717287,2464112,220055,780,765,7,7,0,0.0
"US, TN",2020-09-27,6829174,38615,3038462,2768545,231302,780,765,0,0,0,0.0
"US, TN",2020-10-12,6829174,44271,3480703,3106035,330397,780,765,6759,6778,0,0.0
"US, TN",2020-10-27,6829174,16405,1283034,1135997,130632,260,255,4735,4723,0,0.0
"US, TX",2020-01-01,28995881,0,0,0,0,780,765,2906421,2895736,0,0.0
"US, TX",2020-01-16,28995881,0,0,0,0,780,765,3043090,3025860,0,0.0
"US, TX",2020-01-31,28995881,0,0,0,0,780,765,3216885,3190351,0,0.0
"US, TX",2020-02-15,28995881,0,0,0,0,780,765,2938790,2918750,0,0.0
"US, TX",2020-03-01,28995881,0,0,0,0,780,765,2152294,2153560,0,0.0
"US, TX",2020-03-16,28995881,0,0,0,0,780,765,1227736,1238794,0,0.0
"US, TX",2020-03-31,28995881,1006,43196,6863,42028,780,765,359202,364945,3923,1.957900232283963
"US, TX",2020-04-15,28995881,9028,326689,114083,316131,780,765,59105,56845,19844,6.912464722053732
"US, TX",2020-04-30,28995881,15884,547812,277799,250566,780,765,340199,337435,0,0.0
"US, TX",2020-05-15,28995881,23058,806904,483188,298558,780,765,679930,682057,0,0.0
"US, TX",2020-05-30,28995881,28376,1115258,728757,356070,780,765,914247,926317,0,0.0
"US, TX",2020-06-14,28995881,34533,1745552,1027017,678836,780,765,1073479,1096038,0,0.0
"US, TX",2020-06-29,28995881,44502,3173447,1600084,1516941,780,765,1189469,1218737,0,0.0
"US, TX",2020-07-14,28995881,70611,5274430,2852249,2342083,780,765,1381911,1400256,0,0.0
"US, TX",2020-07-29,28995881,124333,7157092,4683782,2303158,780,765,1622057,1611228,0,0.0
"US, TX",2020-08-13,28995881,171926,8730560,6442216,2045203,780,765,1365624,1341315,0,0.0
"US, TX",2020-08-28,28995881,204919,9789046,7950938,1581285,780,765,466120,456122,0,0.0
"US, TX",2020-09-12,28995881,229296,10805231,9092389,1416489,780,765,83,81,0,0.0
"US, TX",2020-09-27,28995881,249727,11946576,10195710,1406435,780,765,0,0,0,0.0
"US, TX",2020-10-12,28995881,267166,13010362,10971997,1646267,780,765,47221,46207,0,0.0
"US, TX",2020-10-27,28995881,92980,4642891,3861949,638735,260,255,32683,31984,0,0.0
"US, VA",2020-01-01,8535519,0,0,0,0,585,615,183183,172368,0,0.0
"US, VA",2020-01-16,8535519,0,0,0,0,585,615,187401,182043,0,0.0
"US, VA",2020-01-31,8535519,0,0,0,0,585,615,191837,194793,0,0.0
"US, VA",2020-02-15,8535519,0,0,0,0,585,615,176422,178009,0,0.0
"US, VA",2020-03-01,8535519,0,0,0,0,585,615,137279,128352,0,0.0
"US, VA",2020-03-16,8535519,0,0,0,0,585,615,82824,72017,0,0.0
"US, VA",2020-03-31,8535519,444,17203,721,16759,585,615,23195,20740,3271,4.037068969059014
"US, VA",2020-04-15,8535519,5286,157128,22117,151842,585,615,2031,3178,29208,19.541049287495834
"US, VA",2020-04-30,8535519,11393,325784,42942,271449,585,615,13920,14841,65722,21.79333358207353
"US, VA",2020-05-15,8535519,17110,527268,71357,438801,585,615,31860,31610,93381,19.045672309635957
"US, VA",2020-05-30,8535519,21886,738119,96372,619861,585,615,44268,44327,114780,16.723126390580067
"US, VA",2020-06-14,8535519,24414,869438,114299,730725,585,615,54294,54657,127389,15.707351205593563
"US, VA",2020-06-29,8535519,28082,996394,131864,836448,585,615,64023,64377,145576,15.648781302598634
"US, VA",2020-07-14,8535519,30622,1192619,154370,1007627,585,615,77665,78427,172076,15.462440773718052
"US, VA",2020-07-29,8535519,33896,1429813,187078,1208839,585,615,92745,94312,206315,15.47120946378321
"US, VA",2020-08-13,8535519,36466,1651653,211714,1403469,585,615,78475,80135,229848,14.915820562821143
"US, VA",2020-08-28,8535519,39675,1869335,232314,1596857,585,615,26735,27346,0,0.0
"US, VA",2020-09-12,8535519,44349,2088525,251552,1791119,585,615,2,2,0,0.0
"US, VA",2020-09-27,8535519,49001,2277840,269005,1956547,585,615,0,0,0,0.0
"US, VA",2020-10-12,8535519,52023,2505186,286492,2159600,585,615,2628,2692,0,0.0
"US, VA",2020-10-27,8535519,18149,891175,99257,773151,195,205,1845,1892,0,0.0
"US, WI",2020-01-01,5822434,0,0,0,0,615,675,187509,194694,0,0.0
"US, WI",2020-01-16,5822434,0,0,0,0,615,675,198481,207829,0,0.0
"US, WI",2020-01-31,5822434,0,0,0,0,615,675,214433,225582,0,0.0
"US, WI",2020-02-15,5822434,0,0,0,0,615,675,205798,206066,0,0.0
"US, WI",2020-03-01,5822434,0,0,0,0,615,675,165610,145382,0,0.0
"US, WI",2020-03-16,5822434,0,0,0,0,615,675,101674,78593,0,0.0
"US, WI",2020-03-31,5822434,468,10324,0,9856,615,675,26674,19876,3016,6.2591436919986645
"US, WI",2020-04-15,5822434,3688,75060,0,71372,615,675,559,1019,19300,27.955673557754675
"US, WI",2020-04-30,5822434,5609,137664,67894,64161,615,675,12684,12352,25928,20.3976962364976
"US, WI",2020-05-15,5822434,7446,216425,125002,83977,615,675,32277,29368,33519,16.703011081887738
"US, WI",2020-05-30,5822434,9589,305669,204486,91594,615,675,43020,40400,42023,14.743812561745193
"US, WI",2020-06-14,5822434,11077,373897,287307,75513,615,675,50890,49110,48344,13.876582963121246
"US, WI",2020-06-29,5822434,12020,484104,381176,90908,615,675,59122,57916,54456,12.10129610614822
"US, WI",2020-07-14,5822434,12912,661676,512596,136168,615,675,71683,71073,62826,10.21312899568979
"US, WI",2020-07-29,5822434,14516,855490,696730,144244,615,675,86427,86394,72544,9.099374197588777
"US, WI",2020-08-13,5822434,15941,1023622,886101,121580,615,675,73593,73802,81716,8.559016903894891
"US, WI",2020-08-28,5822434,17292,1190839,1054679,118868,615,675,25125,25207,0,0.0
"US, WI",2020-09-12,5822434,18603,1488971,1270444,199924,615,675,0,1,0,0.0
"US, WI",2020-09-27,5822434,20623,1986087,1605406,360058,615,675,0,0,0,0.0
"US, WI",2020-10-12,5822434,24491,2712558,2068873,539153,615,675,2451,2463,0,0.0
"US, WI",2020-10-27,5822434,9700,1135622,840451,226741,205,225,1726,1731,0,0.0
"US, MT",2020-01-01,1068778,0,0,0,0,405,480,81387,86173,0,0.0
"US, MT",2020-01-16,1068778,0,0,0,0,405,480,86436,89706,0,0.0
"US, MT",2020-01-31,1068778,0,0,0,0,405,480,93585,94282,0,0.0
"US, MT",2020-02-15,1068778,0,0,0,0,405,480,88406,87290,0,0.0
"US, MT",2020-03-01,1068778,0,0,0,0,405,480,68275,66559,0,0.0
"US, MT",2020-03-16,1068778,0,0,0,0,405,480,40230,38781,0,0.0
"US, MT",2020-03-31,1068778,20,1180,537,1160,405,480,10277,9765,144,2.6146403692965925
"US, MT",2020-04-15,1068778,179,6539,4348,6360,405,480,1222,1200,865,14.161793219968903
"US, MT",2020-04-30,1068778,240,6859,6218,401,405,480,9288,8877,929,14.511329806439933
"US, MT",2020-05-15,1068778,244,7154,6586,324,405,480,19337,17875,972,14.556979396112352
"US, MT",2020-05-30,1068778,264,8139,7108,767,405,480,26628,23498,1052,13.8459640648791
"US, MT",2020-06-14,1068778,307,10780,8334,2139,405,480,37249,33130,1303,13.015567271681194
"US, MT",2020-06-29,1068778,369,19776,11023,8384,405,480,55840,51886,1722,9.58892683070175
"US, MT",2020-07-14,1068778,614,41193,21933,18646,405,480,71665,70453,2613,6.857359066655627
"US, MT",2020-07-29,1068778,1001,67294,43113,23180,405,480,80134,83986,3760,5.995314462074177
"US, MT",2020-08-13,1068778,1318,91871,67544,23009,405,480,64510,70126,5369,6.255793059285573
"US, MT",2020-08-28,1068778,1697,119206,88477,29032,405,480,21629,23801,0,0.0
"US, MT",2020-09-12,1068778,2283,152462,115480,34699,405,480,0,1,0,0.0
"US, MT",2020-09-27,1068778,2841,223813,148742,72230,405,480,0,0,0,0.0
"US, MT",2020-10-12,1068778,3821,354381,218024,132536,405,480,2112,2336,0,0.0
"US, MT",2020-10-27,1068778,1706,154882,100997,52179,135,160,1485,1635,0,0.0
"US, OK",2020-01-01,3956971,0,0,0,0,675,630,123449,119105,0,0.0
"US, OK",2020-01-16,3956971,0,0,0,0,675,630,127090,124316,0,0.0
"US, OK",2020-01-31,3956971,0,0,0,0,675,630,131288,130825,0,0.0
"US, OK",2020-02-15,3956971,0,0,0,0,675,630,120374,118947,0,0.0
"US, OK",2020-03-01,3956971,0,0,0,0,675,630,91796,86483,0,0.0
"US, OK",2020-03-16,3956971,0,0,0,0,675,630,54406,48894,0,0.0
"US, OK",2020-03-31,3956971,303,6223,2790,5920,675,630,15625,14091,1391,4.790848675041429
"US, OK",2020-04-15,3956971,2517,43248,26674,40731,675,630,2484,3034,8892,22.14954364241512
"US, OK",2020-04-30,3956971,3848,64561,44768,15945,675,630,14935,15668,11823,19.68134031442045
"US, OK",2020-05-15,3956971,4581,86647,67613,14453,675,630,30139,30446,13792,17.094695492493805
"US, OK",2020-05-30,3956971,5201,106628,88560,12867,675,630,41087,41269,15511,15.562185248171627
"US, OK",2020-06-14,3956971,5548,156976,115480,35948,675,630,49894,50507,18836,12.970363296907474
"US, OK",2020-06-29,3956971,6053,252055,191214,54788,675,630,57916,59269,26362,11.270632136136156
"US, OK",2020-07-14,3956971,6990,406428,316694,82744,675,630,67477,68187,37647,9.938016143553137
"US, OK",2020-07-29,3956971,8648,605826,495630,101548,675,630,76445,74936,51348,9.091911348326168
"US, OK",2020-08-13,3956971,10533,763347,640348,112466,675,630,62884,60458,63807,8.95651659235226
"US, OK",2020-08-28,3956971,12529,929386,781492,135365,675,630,21226,20278,0,0.0
"US, OK",2020-09-12,3956971,14161,1136745,954091,168493,675,630,1,1,0,0.0
"US, OK",2020-09-27,3956971,15808,1372709,1159974,196927,675,630,0,0,0,0.0
"US, OK",2020-10-12,3956971,17759,1631838,1393802,220277,675,630,2078,1978,0,0.0
"US, OK",2020-10-27,3956971,6528,602011,519796,75687,225,210,1458,1392,0,0.0
"US, SC",0,0,0,0,0,0,0,0,0,0,0,0.0
"US, SC",0,0,0,0,0,0,0,0,0,0,0,0.0
"US, SC",0,0,0,0,0,0,0,0,0,0,0,0.0
"US, SC",0,0,0,0,0,0,0,0,0,0,0,0.0
"US, SC",2020-03-01,0,0,0,0,0,585,600,136305,136552,0,0.0
"US, SC",2020-03-16,0,0,0,0,0,585,600,79709,81595,0,0.0
"US, SC",2020-03-31,0,261,10264,0,10003,585,600,20218,21506,1667,3.468910183640943
"US, SC",2020-04-15,0,2206,71925,36912,69719,585,600,1966,1741,12523,18.69110422617889
"US, SC",2020-04-30,0,4657,107633,63718,39258,585,600,17893,15265,17776,17.711720911407223
"US, SC",2020-05-15,0,6342,145203,84714,54147,585,600,41804,37893,22640,16.751658396947516
"US, SC",2020-05-30,0,8088,211193,110841,92264,585,600,62175,58595,27195,13.958777733255273
"US, SC",2020-06-14,0,9812,376028,167045,199171,585,600,78495,75501,34314,9.934210196278494
"US, SC",2020-06-29,0,12710,693694,269214,411770,585,600,91743,89370,45574,7.130043496239266
"US, SC",2020-07-14,0,18863,1093145,395908,678374,585,600,106205,105640,65879,6.461425909217561
"US, SC",2020-07-29,0,28288,1428608,528597,871723,585,600,118788,121404,86905,6.5102479007367355
"US, SC",2020-08-13,0,36006,1641876,695126,910744,585,600,96974,100593,107878,7.0365110219916405
"US, SC",2020-08-28,0,42514,1838493,771465,1024514,585,600,32663,34052,0,0.0
"US, SC",2020-09-12,0,47749,2061307,857111,1156447,585,600,2,2,0,0.0
"US, SC",2020-09-27,0,51680,2271191,1114042,1105469,585,600,0,0,0,0.0
"US, SC",2020-10-12,0,55252,2471323,1242424,1173647,585,600,3204,3348,0,0.0
"US, SC",2020-10-27,0,19438,872867,447334,406095,195,200,2253,2342,0,0.0
"US, UT",2020-01-01,3205958,0,0,0,0,660,675,472430,477987,0,0.0
"US, UT",2020-01-16,3205958,0,0,0,0,660,675,496777,499629,0,0.0
"US, UT",2020-01-31,3205958,0,0,0,0,660,675,528191,526937,0,0.0
"US, UT",2020-02-15,3205958,0,0,0,0,660,675,481707,481438,0,0.0
"US, UT",2020-03-01,3205958,0,0,0,0,660,675,348944,354413,0,0.0
"US, UT",2020-03-16,3205958,0,0,0,0,660,675,200224,206461,0,0.0
"US, UT",2020-03-31,3205958,49,7083,436,7034,660,675,66389,67799,609,1.84185217981833
"US, UT",2020-04-15,3205958,490,52508,15300,52018,660,675,16585,15952,4438,9.075812366511352
"US, UT",2020-04-30,3205958,901,86181,40425,44855,660,675,46438,46706,7145,8.8883882430552
"US, UT",2020-05-15,3205958,1389,120446,71301,47756,660,675,89082,89166,10566,9.386797753638982
"US, UT",2020-05-30,3205958,1835,174512,104693,67984,660,675,123954,121757,13238,8.160617896039726
"US, UT",2020-06-14,3205958,2344,262138,146184,113610,660,675,150562,147694,17900,7.344436055808766
"US, UT",2020-06-29,3205958,2875,385432,219988,162569,660,675,174538,173800,24372,6.787915135945476
"US, UT",2020-07-14,3205958,3827,524272,330406,190039,660,675,213644,214888,31431,6.43166660916952
"US, UT",2020-07-29,3205958,4860,635127,466910,163357,660,675,262491,264500,37711,6.360765420457454
"US, UT",2020-08-13,3205958,5674,720163,590669,123820,660,675,225805,227538,42883,6.379978972950637
"US, UT",2020-08-28,3205958,6257,806396,681522,118617,660,675,77479,78074,0,0.0
"US, UT",2020-09-12,3205958,6597,941919,764030,171292,660,675,8,8,0,0.0
"US, UT",2020-09-27,3205958,7208,1164618,867578,289832,660,675,0,0,0,0.0
"US, UT",2020-10-12,3205958,8218,1439074,1062808,368048,660,675,7709,7771,0,0.0
"US, UT",2020-10-27,3205958,2969,554259,407120,144170,220,225,5386,5428,0,0.0
"US, WA",2020-01-01,7614893,0,0,0,0,630,645,875793,864418,0,0.0
"US, WA",2020-01-16,7614893,0,0,0,0,630,645,919017,916139,0,0.0
"US, WA",2020-01-31,7614893,0,0,0,0,630,645,972294,981438,0,0.0
"US, WA",2020-02-15,7614893,0,0,0,0,630,645,872692,873021,0,0.0
"US, WA",2020-03-01,7614893,0,0,0,0,630,645,608921,582166,0,0.0
"US, WA",2020-03-16,7614893,0,0,0,0,630,645,334643,302842,0,0.0
"US, WA",2020-03-31,7614893,1743,32043,0,30494,630,645,107544,95912,1556,1.0421762175148428
"US, WA",2020-04-15,7614893,10957,188817,0,178571,630,645,26485,24868,6913,4.0396502435296275
"US, WA",2020-04-30,7614893,13866,242034,0,228647,630,645,88046,84574,3450,1.477921143268393
"US, WA",2020-05-15,7614893,16013,291027,0,275301,630,645,176349,171001,29489,10.535821250626435
"US, WA",2020-05-30,7614893,17434,355365,0,333455,630,645,250739,248412,54457,16.653716779935557
"US, WA",2020-06-14,7614893,18739,436012,0,410502,630,645,303479,301318,60251,15.06693082172828
"US, WA",2020-06-29,7614893,20308,561048,0,529723,630,645,338189,331890,67717,13.251924841325307
"US, WA",2020-07-14,7614893,22242,738829,0,704109,630,645,393912,387949,76582,11.330716318554876
"US, WA",2020-07-29,7614893,25033,913324,0,876530,630,645,463992,464841,86608,10.307996452108208
"US, WA",2020-08-13,7614893,27442,1051933,0,1011839,630,645,391349,396032,95728,9.872064838264976
"US, WA",2020-08-28,7614893,29004,1160190,0,1114130,630,645,133546,135583,0,0.0
"US, WA",2020-09-12,7614893,30406,1256035,0,1202538,630,645,19,18,0,0.0
"US, WA",2020-09-27,7614893,31933,1377038,0,1314123,630,645,0,0,0,0.0
"US, WA",2020-10-12,7614893,33500,1520776,0,1446607,630,645,13409,13619,0,0.0
"US, WA",2020-10-27,7614893,11616,544500,0,516620,210,215,9319,9463,0,0.0
"US, ME",2020-01-01,1344212,0,0,0,0,420,465,37045,39596,0,0.0
"US, ME",2020-01-16,1344212,0,0,0,0,420,465,39475,42838,0,0.0
"US, ME",2020-01-31,1344212,0,0,0,0,420,465,43188,47402,0,0.0
"US, ME",2020-02-15,1344212,0,0,0,0,420,465,42704,43896,0,0.0
"US, ME",2020-03-01,1344212,0,0,0,0,420,465,36213,31306,0,0.0
"US, ME",2020-03-16,1344212,0,0,0,0,420,465,23152,17063,0,0.0
"US, ME",2020-03-31,1344212,58,2066,831,2008,420,465,6192,4356,368,3.8280812321387643
"US, ME",2020-04-15,1344212,598,13778,6861,13180,420,465,425,515,2189,17.0387873327796
"US, ME",2020-04-30,1344212,919,19808,11937,6952,420,465,4108,3242,2871,15.633701242604557
"US, ME",2020-05-15,1344212,1136,28839,17931,9772,420,465,8650,6637,3599,13.41062327047383
"US, ME",2020-05-30,1344212,1445,37749,27458,8846,420,465,10731,8377,4424,12.57124594100961
"US, ME",2020-06-14,1344212,1533,44445,35803,7109,420,465,13637,11194,4986,12.025151638179656
"US, ME",2020-06-29,1344212,1632,51204,42157,7415,420,465,18742,16391,5399,11.30022312089415
"US, ME",2020-07-14,1344212,1758,55634,47873,6003,420,465,24402,23282,5657,10.898423989716571
"US, ME",2020-07-29,1344212,1858,59762,51728,6176,420,465,28867,30122,5852,10.492912222914962
"US, ME",2020-08-13,1344212,1931,63884,55425,6528,420,465,24076,26316,6069,10.181043713377875
"US, ME",2020-08-28,1344212,1998,69208,60263,6947,420,465,8138,9027,0,0.0
"US, ME",2020-09-12,1344212,2076,75663,65382,8205,420,465,0,0,0,0.0
"US, ME",2020-09-27,1344212,2125,82640,71743,8772,420,465,0,0,0,0.0
"US, ME",2020-10-12,1344212,2178,89609,77697,9734,420,465,754,845,0,0.0
"US, ME",2020-10-27,1344212,731,32389,27314,4344,140,155,541,611,0,0.0
"US, MS",2020-01-01,2976149,0,0,0,0,465,435,35357,34727,0,0.0
"US, MS",2020-01-16,2976149,0,0,0,0,465,435,37539,37104,0,0.0
"US, MS",2020-01-31,2976149,0,0,0,0,465,435,40597,40473,0,0.0
"US, MS",2020-02-15,2976149,0,0,0,0,465,435,37424,37477,0,0.0
"US, MS",2020-03-01,2976149,0,0,0,0,465,435,27207,27282,0,0.0
"US, MS",2020-03-16,2976149,0,0,0,0,465,435,15613,15771,0,0.0
"US, MS",2020-03-31,2976149,305,8810,0,8505,465,435,4857,5090,1693,4.119477668071771
"US, MS",2020-04-15,2976149,2823,74368,3413,71545,465,435,1142,1414,13427,19.513887940424233
"US, MS",2020-04-30,2976149,5655,130336,69671,55010,465,435,3780,4170,21398,17.650126000612563
"US, MS",2020-05-15,2976149,8951,189833,119576,61306,465,435,6800,7136,29273,16.55569808155297
"US, MS",2020-05-30,2976149,12160,257801,177359,68282,465,435,8636,8894,36841,15.331404460402187
"US, MS",2020-06-14,2976149,14481,332328,241311,76536,465,435,9999,10328,42872,13.883877207197305
"US, MS",2020-06-29,2976149,17235,474700,316817,140648,465,435,11506,11972,49749,11.297445978935926
"US, MS",2020-07-14,2976149,20981,685342,437939,226422,465,435,14100,14544,57362,9.048085486728402
"US, MS",2020-07-29,2976149,26789,948303,614155,307359,465,435,17200,17392,67057,7.587506397328123
"US, MS",2020-08-13,2976149,32819,1130331,840081,257431,465,435,14792,14788,76039,7.213930893744589
"US, MS",2020-08-28,2976149,38139,1281130,1027857,215134,465,435,5036,5005,0,0.0
"US, MS",2020-09-12,2976149,41974,1392256,1212955,137327,465,435,0,0,0,0.0
"US, MS",2020-09-27,2976149,45210,1509527,1347525,116792,465,435,0,0,0,0.0
"US, MS",2020-10-12,2976149,47848,1662325,1444265,170212,465,435,467,463,0,0.0
"US, MS",2020-10-27,2976149,16557,592317,506925,68835,155,145,333,325,0,0.0
"US, WV",2020-01-01,1792147,0,0,0,0,360,375,13130,12909,0,0.0
"US, WV",2020-01-16,1792147,0,0,0,0,360,375,13397,13363,0,0.0
"US, WV",2020-01-31,1792147,0,0,0,0,360,375,13732,13963,0,0.0
"US, WV",2020-02-15,1792147,0,0,0,0,360,375,12894,13001,0,0.0
"US, WV",2020-03-01,1792147,0,0,0,0,360,375,10488,10175,0,0.0
"US, WV",2020-03-16,1792147,0,0,0,0,360,375,6386,5919,0,0.0
"US, WV",2020-03-31,1792147,23,1844,315,1821,360,375,1499,1355,409,4.723257360894322
"US, WV",2020-04-15,1792147,388,13953,5280,13565,360,375,252,429,1256,10.188469018671668
"US, WV",2020-04-30,1792147,768,19231,10514,7949,360,375,2557,3282,0,0.0
"US, WV",2020-05-15,1792147,1052,25075,15624,8399,360,375,5078,6048,0,0.0
"US, WV",2020-05-30,1792147,1228,31925,21436,9261,360,375,6462,7304,0,0.0
"US, WV",2020-06-14,1792147,1348,38062,26316,10398,360,375,7618,8160,0,0.0
"US, WV",2020-06-29,1792147,1417,52566,37920,13229,360,375,8780,8831,0,0.0
"US, WV",2020-07-14,1792147,1519,78644,55063,22062,360,375,9335,9046,0,0.0
"US, WV",2020-07-29,1792147,1899,107668,78710,27059,360,375,8916,8560,0,0.0
"US, WV",2020-08-13,1792147,2566,134068,104153,27349,360,375,6517,6257,0,0.0
"US, WV",2020-08-28,1792147,3559,164975,126008,35408,360,375,2070,1994,0,0.0
"US, WV",2020-09-12,1792147,4566,207259,151761,50932,360,375,0,0,0,0.0
"US, WV",2020-09-27,1792147,5475,249799,181093,63231,360,375,0,0,0,0.0
"US, WV",2020-10-12,1792147,6113,304062,225790,72159,360,375,173,162,0,0.0
"US, WV",2020-10-27,1792147,2229,117695,91572,23894,120,125,128,122,0,0.0
"US, ID",2020-01-01,1787065,0,0,0,0,465,390,86694,92000,0,0.0
"US, ID",2020-01-16,1787065,0,0,0,0,465,390,92231,95638,0,0.0
"US, ID",2020-01-31,1787065,0,0,0,0,465,390,99838,99803,0,0.0
"US, ID",2020-02-15,1787065,0,0,0,0,465,390,92120,89210,0,0.0
"US, ID",2020-03-01,1787065,0,0,0,0,465,390,67100,62708,0,0.0
"US, ID",2020-03-16,1787065,0,0,0,0,465,390,37948,34291,0,0.0
"US, ID",2020-03-31,1787065,87,4297,0,4210,465,390,10955,9864,398,1.984897383898918
"US, ID",2020-04-15,1787065,748,26457,9866,25709,465,390,1512,1757,2381,9.655846009588517
"US, ID",2020-04-30,1787065,994,32500,20590,10916,465,390,9044,9530,3002,9.893686859745086
"US, ID",2020-05-15,1787065,1160,38418,26590,10668,465,390,19588,19451,3326,9.281821999192685
"US, ID",2020-05-30,1787065,1256,46362,36423,8683,465,390,28109,27106,3821,8.844542840461054
"US, ID",2020-06-14,1787065,1335,62802,49302,12165,465,390,34176,33071,4290,7.425230077178678
"US, ID",2020-06-29,1787065,1439,124660,49171,74050,465,390,38880,38584,5757,5.034145122649137
"US, ID",2020-07-14,1787065,1950,235003,66798,166255,465,390,46349,47047,9414,4.299198746935873
"US, ID",2020-07-29,1787065,3214,342800,118823,220763,465,390,55459,57146,13681,4.277872934633387
"US, ID",2020-08-13,1787065,4432,434253,175960,253861,465,390,47084,48843,17741,4.372628421420842
"US, ID",2020-08-28,1787065,5706,497894,236435,255753,465,390,16068,16698,0,0.0
"US, ID",2020-09-12,1787065,6584,560345,296854,257326,465,390,0,0,0,0.0
"US, ID",2020-09-27,1787065,7263,662909,341189,314457,465,390,0,0,0,0.0
"US, ID",2020-10-12,1787065,8087,812245,391088,413070,465,390,1579,1636,0,0.0
"US, ID",2020-10-27,1787065,3054,313872,144503,166315,155,130,1111,1149,0,0.0
"US, KS",2020-01-01,2913314,0,0,0,0,480,420,36394,35039,0,0.0
"US, KS",2020-01-16,2913314,0,0,0,0,480,420,36840,35932,0,0.0
"US, KS",2020-01-31,2913314,0,0,0,0,480,420,37146,36877,0,0.0
"US, KS",2020-02-15,2913314,0,0,0,0,480,420,34134,33617,0,0.0
"US, KS",2020-03-01,2913314,0,0,0,0,480,420,27151,25579,0,0.0
"US, KS",2020-03-16,2913314,0,0,0,0,480,420,16648,15077,0,0.0
"US, KS",2020-03-31,2913314,201,4175,0,3988,480,420,4504,4126,934,4.792529248381293
"US, KS",2020-04-15,2913314,1598,38174,266,36581,480,420,334,578,6478,19.208963600066113
"US, KS",2020-04-30,2913314,2463,92513,5001,85049,480,420,3387,3741,9050,10.632669703267377
"US, KS",2020-05-15,2913314,3060,131073,7261,120752,480,420,7812,7933,11619,9.506402241448859
"US, KS",2020-05-30,2913314,3464,155326,9114,142748,480,420,10908,10827,13645,9.409033935495293
"US, KS",2020-06-14,2913314,3845,185410,10831,170736,480,420,12934,12875,15736,9.105934670746192
"US, KS",2020-06-29,2913314,4291,250293,12893,233109,480,420,14445,14562,18571,7.992716002565198
"US, KS",2020-07-14,2913314,4767,345860,15344,325758,480,420,16824,16853,22648,7.030405946905761
"US, KS",2020-07-29,2913314,5585,438297,18616,414201,480,420,19650,19290,27281,6.672979709473784
"US, KS",2020-08-13,2913314,6294,543446,22204,515189,480,420,16485,15965,31578,6.234693920250962
"US, KS",2020-08-28,2913314,7113,671557,26220,638678,480,420,5568,5368,0,0.0
"US, KS",2020-09-12,2913314,8840,799683,29216,749073,480,420,0,0,0,0.0
"US, KS",2020-09-27,2913314,10580,957212,32356,876686,480,420,0,0,0,0.0
"US, KS",2020-10-12,2913314,13411,1123087,36322,1024639,480,420,511,488,0,0.0
"US, KS",2020-10-27,2913314,5056,426614,13075,383964,160,140,363,355,0,0.0
"US, ND",2020-01-01,762062,0,0,0,0,330,360,41822,43293,0,0.0
"US, ND",2020-01-16,762062,0,0,0,0,330,360,45064,47156,0,0.0
"US, ND",2020-01-31,762062,0,0,0,0,330,360,50135,52716,0,0.0
"US, ND",2020-02-15,762062,0,0,0,0,330,360,50076,49399,0,0.0
"US, ND",2020-03-01,762062,0,0,0,0,330,360,42614,35879,0,0.0
"US, ND",2020-03-16,762062,0,0,0,0,330,360,27282,19789,0,0.0
"US, ND",2020-03-31,762062,23,980,386,957,330,360,7409,4950,121,2.6474032389296505
"US, ND",2020-04-15,762062,201,10307,3867,10106,330,360,571,584,914,9.869175980693353
"US, ND",2020-04-30,762062,460,20531,10216,9855,330,360,5935,5183,1556,8.130251684196123
"US, ND",2020-05-15,762062,753,33177,21531,10893,330,360,11215,9596,2189,7.102525537128016
"US, ND",2020-05-30,762062,1033,41985,34288,6664,330,360,11856,10429,2716,6.930336306062371
"US, ND",2020-06-14,762062,1146,49191,43674,4371,330,360,12841,11951,3192,6.95073629001452
"US, ND",2020-06-29,762062,1238,58667,50607,6822,330,360,15509,15415,3719,6.797397233288367
"US, ND",2020-07-14,762062,1413,78990,64478,13099,330,360,19397,19652,4655,6.334415897000925
"US, ND",2020-07-29,762062,1630,106210,88144,16436,330,360,23300,23310,5899,5.955945642744853
"US, ND",2020-08-13,762062,1956,139745,116304,21485,330,360,19731,19546,7276,5.5935484385733645
"US, ND",2020-08-28,762062,2262,193856,155838,35756,330,360,6707,6623,0,0.0
"US, ND",2020-09-12,762062,2853,263923,215608,45462,330,360,0,0,0,0.0
"US, ND",2020-09-27,762062,4180,354947,293546,57221,330,360,0,0,0,0.0
"US, ND",2020-10-12,762062,6106,492629,401586,84937,330,360,639,629,0,0.0
"US, ND",2020-10-27,762062,2499,206566,169600,34467,110,120,453,447,0,0.0
"US, SD",2020-01-01,884659,0,0,0,0,390,390,32536,34150,0,0.0
"US, SD",2020-01-16,884659,0,0,0,0,390,390,35078,36763,0,0.0
"US, SD",2020-01-31,884659,0,0,0,0,390,390,38955,40432,0,0.0
"US, SD",2020-02-15,884659,0,0,0,0,390,390,38147,37518,0,0.0
"US, SD",2020-03-01,884659,0,0,0,0,390,390,31197,27110,0,0.0
"US, SD",2020-03-16,884659,0,0,0,0,390,390,19229,14902,0,0.0
"US, SD",2020-03-31,884659,18,2586,665,2568,390,390,4898,3710,132,1.108156518068795
"US, SD",2020-04-15,884659,133,27650,13761,27517,390,390,393,704,1587,5.960746403827618
"US, SD",2020-04-30,884659,439,46124,30188,15497,390,390,4933,5083,3499,8.131351269914811
"US, SD",2020-05-15,884659,733,65290,47815,16742,390,390,10004,9268,5266,8.62429327212816
"US, SD",2020-05-30,884659,992,80383,64275,15116,390,390,12318,10811,7118,9.479768351273766
"US, SD",2020-06-14,884659,1231,94050,80494,12325,390,390,14727,13493,9032,10.281751694563605
"US, SD",2020-06-29,884659,1491,106992,92586,12915,390,390,18251,17874,10509,10.523755572244553
"US, SD",2020-07-14,884659,1774,120493,105910,12809,390,390,22378,22621,11702,10.40931974084037
"US, SD",2020-07-29,884659,2081,138096,121330,14685,390,390,26185,26552,12791,9.928432337145125
"US, SD",2020-08-13,884659,2348,162361,139664,20349,390,390,21842,22109,14112,9.329859256687394
"US, SD",2020-08-28,884659,2560,217198,173933,40705,390,390,7376,7472,0,0.0
"US, SD",2020-09-12,884659,2967,276538,230697,42874,390,390,0,0,0,0.0
"US, SD",2020-09-27,884659,3726,368274,299166,65382,390,390,0,0,0,0.0
"US, SD",2020-10-12,884659,4921,510817,380286,125610,390,390,692,704,0,0.0
"US, SD",2020-10-27,884659,2002,216281,150803,63476,130,130,496,502,0,0.0
"US, WY",2020-01-01,578759,0,0,0,0,270,315,23133,26691,0,0.0
"US, WY",2020-01-16,578759,0,0,0,0,270,315,26724,28681,0,0.0
"US, WY",2020-01-31,578759,0,0,0,0,270,315,32091,31555,0,0.0
"US, WY",2020-02-15,578759,0,0,0,0,270,315,30310,29811,0,0.0
"US, WY",2020-03-01,578759,0,0,0,0,270,315,20498,22493,0,0.0
"US, WY",2020-03-16,578759,0,0,0,0,270,315,10340,12870,0,0.0
"US, WY",2020-03-31,578759,2,827,415,825,270,315,2357,3027,124,3.2122951906493498
"US, WY",2020-04-15,578759,68,6237,3880,6169,270,315,7,3,764,13.641520285682358
"US, WY",2020-04-30,578759,105,9448,6329,3014,270,315,1146,928,925,10.499497748632669
"US, WY",2020-05-15,578759,170,12115,8250,3695,270,315,3524,3119,1142,10.09865395721513
"US, WY",2020-05-30,578759,257,14274,11174,2843,270,315,6092,5035,1337,10.044972201688273
"US, WY",2020-06-14,578759,290,18304,13936,4078,270,315,9955,8276,1541,9.041637550947211
"US, WY",2020-06-29,578759,307,25110,18402,6401,270,315,16885,14546,1793,7.6885797383055055
"US, WY",2020-07-14,578759,366,33759,25700,7693,270,315,23107,21789,2201,6.996021416267854
"US, WY",2020-07-29,578759,408,43491,34671,8412,270,315,26656,28173,2586,6.37588009216171
"US, WY",2020-08-13,578759,507,51687,42264,8916,270,315,21759,24493,3014,6.251318287195451
"US, WY",2020-08-28,578759,603,59767,50105,9059,270,315,7327,8415,0,0.0
"US, WY",2020-09-12,578759,712,72414,61507,10195,270,315,0,0,0,0.0
"US, WY",2020-09-27,578759,787,98113,77923,19403,270,315,0,0,0,0.0
"US, WY",2020-10-12,578759,924,141496,102598,37974,270,315,710,821,0,0.0
"US, WY",2020-10-27,578759,415,62785,41243,21127,90,105,500,579,0,0.0
"US, VT",2020-01-01,623989,0,0,0,0,240,240,22529,23259,0,0.0
"US, VT",2020-01-16,623989,0,0,0,0,240,240,22945,24625,0,0.0
"US, VT",2020-01-31,623989,0,0,0,0,240,240,23428,26385,0,0.0
"US, VT",2020-02-15,623989,0,0,0,0,240,240,22203,23739,0,0.0
"US, VT",2020-03-01,623989,0,0,0,0,240,240,18563,16320,0,0.0
"US, VT",2020-03-16,623989,0,0,0,0,240,240,11715,8540,0,0.0
"US, VT",2020-03-31,623989,84,2227,45,2143,240,240,2911,2039,131,1.2570826276344536
"US, VT",2020-04-15,623989,611,12310,8640,11699,240,240,145,179,569,5.0253092487728
"US, VT",2020-04-30,623989,783,13642,6835,6024,240,240,1056,954,0,0.0
"US, VT",2020-05-15,623989,810,14296,12460,1026,240,240,2733,2278,0,0.0
"US, VT",2020-05-30,623989,825,15689,13336,1528,240,240,3555,3008,0,0.0
"US, VT",2020-06-14,623989,836,17403,13881,2686,240,240,4016,3541,0,0.0
"US, VT",2020-06-29,623989,840,18766,15277,2649,240,240,4494,4205,0,0.0
"US, VT",2020-07-14,623989,840,20427,17221,2366,240,240,5476,5360,0,0.0
"US, VT",2020-07-29,623989,861,21586,18777,1948,240,240,6778,6763,0,0.0
"US, VT",2020-08-13,623989,870,23088,20345,1873,240,240,5850,5869,0,0.0
"US, VT",2020-08-28,623989,870,24570,21679,2021,240,240,1978,1992,0,0.0
"US, VT",2020-09-12,623989,870,25653,23123,1660,240,240,0,0,0,0.0
"US, VT",2020-09-27,623989,870,26948,24325,1753,240,240,0,0,0,0.0
"US, VT",2020-10-12,623989,870,29407,25511,3026,240,240,166,165,0,0.0
"US, VT",2020-10-27,623989,290,10708,8901,1517,80,80,126,123,0,0.0
"US, DE",2020-01-01,973764,0,0,0,0,0,0,0,0,0,0.0
"US, DE",2020-01-16,973764,0,0,0,0,0,0,0,0,0,0.0
"US, DE",2020-01-31,973764,0,0,0,0,0,0,0,0,0,0.0
"US, DE",2020-02-15,973764,0,0,0,0,0,0,0,0,0,0.0
"US, DE",2020-03-01,973764,0,0,0,0,0,0,0,0,0,0.0
"US, DE",2020-03-16,973764,0,0,0,0,0,0,0,0,0,0.0
"US, DE",2020-03-31,973764,164,5309,681,5190,0,0,0,0,595,2.4084039356411497
"US, DE",2020-04-15,973764,1912,48105,9989,46736,0,0,0,0,3396,8.26122579056482
"US, DE",2020-04-30,973764,4318,88420,32263,53113,0,0,0,0,0,0.0
"US, DE",2020-05-15,973764,6533,126477,63320,58400,0,0,0,0,0,0.0
"US, DE",2020-05-30,973764,7783,147784,85237,56674,0,0,0,0,0,0.0
"US, DE",2020-06-14,973764,8301,160887,96752,57235,0,0,0,0,0,0.0
"US, DE",2020-06-29,973764,8578,182916,102426,72793,0,0,0,0,0,0.0
"US, DE",2020-07-14,973764,8820,206053,114208,83719,0,0,0,0,0,0.0
"US, DE",2020-07-29,973764,9045,228378,124943,94629,0,0,0,0,0,0.0
"US, DE",2020-08-13,973764,9170,250003,132402,108638,0,0,0,0,0,0.0
"US, DE",2020-08-28,973764,9334,267518,144186,114222,0,0,0,0,0,0.0
"US, DE",2020-09-12,973764,9540,292028,154310,128377,0,0,0,0,0,0.0
"US, DE",2020-09-27,973764,9906,317901,163326,144920,0,0,0,0,0,0.0
"US, DE",2020-10-12,973764,10402,347554,181815,155714,0,0,0,0,0,0.0
"US, DE",2020-10-27,973764,3633,122896,65050,54371,0,0,0,0,0,0.0
